id,asset,year,rep_period,time_block_start,time_block_end,dual_balance_storage_rep_period,dual_max_storage_level_rep_period_limit,dual_min_storage_level_rep_period_limit
1,AT_Battery,2050,1,1,4,-1.6449874999999992,0.0,0.0
2,AT_Battery,2050,1,5,8,-1.6449874999999992,0.0,0.0
3,AT_Battery,2050,1,9,12,-0.0,0.0,0.0
4,AT_Battery,2050,1,13,16,-0.0,-1.6449875000000003,0.0
5,AT_Battery,2050,1,17,20,-1.6449875000000003,0.0,0.0
6,AT_Battery,2050,1,21,24,-1.6449874999999992,0.0,0.0
7,AT_Battery,2050,2,1,4,-0.0,-0.0,0.0
8,AT_Battery,2050,2,5,8,-0.0,0.0,0.0
9,AT_Battery,2050,2,9,12,-0.0,0.0,0.0
10,AT_Battery,2050,2,13,16,-0.0,-0.0,0.0
11,AT_Battery,2050,2,17,20,-0.0,0.0,0.0
12,AT_Battery,2050,2,21,24,-0.0,0.0,0.0
13,AT_Battery,2050,3,1,4,-0.9000875000000002,0.0,0.0
14,AT_Battery,2050,3,5,8,-0.9000875000000002,0.0,0.0
15,AT_Battery,2050,3,9,12,-0.7556037303664923,0.0,0.0
16,AT_Battery,2050,3,13,16,-0.7556037303664923,-0.14448376963350784,0.0
17,AT_Battery,2050,3,17,20,-0.9000875000000002,0.0,0.0
18,AT_Battery,2050,3,21,24,-0.9000875000000002,0.0,0.0
19,AT_Battery,2050,4,1,4,-0.0,0.0,0.0
20,AT_Battery,2050,4,5,8,-0.0,0.0,0.0
21,AT_Battery,2050,4,9,12,-0.0,0.0,0.0
22,AT_Battery,2050,4,13,16,-0.0,0.0,0.0
23,AT_Battery,2050,4,17,20,-0.0,0.0,0.0
24,AT_Battery,2050,4,21,24,-0.0,0.0,0.0
25,AT_Battery,2050,5,1,4,-0.0,0.0,0.0
26,AT_Battery,2050,5,5,8,-0.0,0.0,0.0
27,AT_Battery,2050,5,9,12,-0.0,0.0,0.0
28,AT_Battery,2050,5,13,16,-0.0,0.0,0.0
29,AT_Battery,2050,5,17,20,-0.0,0.0,0.0
30,AT_Battery,2050,5,21,24,-0.0,0.0,0.0
31,AT_Battery,2050,6,1,4,-0.2857923886558703,0.0,0.0
32,AT_Battery,2050,6,5,8,-0.10957761134412966,0.0,0.0
33,AT_Battery,2050,6,9,12,-0.0,0.0,0.0
34,AT_Battery,2050,6,13,16,-0.0,-0.10957761134412967,0.0
35,AT_Battery,2050,6,17,20,-0.10957761134412967,-0.17621477731174062,0.0
36,AT_Battery,2050,6,21,24,-0.2857923886558703,0.0,0.0
37,AT_Battery,2050,7,1,4,-1.1483875000000003,0.0,0.0
38,AT_Battery,2050,7,5,8,-1.1483875000000003,0.0,0.0
39,AT_Battery,2050,7,9,12,-0.2768351147073533,0.0,0.0
40,AT_Battery,2050,7,13,16,-0.0,-1.148387500000002,0.0
41,AT_Battery,2050,7,17,20,-1.148387500000002,0.0,0.0
42,AT_Battery,2050,7,21,24,-1.1483875000000001,0.0,0.0
43,AT_Battery,2050,8,1,4,-0.0,0.0,0.0
44,AT_Battery,2050,8,5,8,-0.0,0.0,0.0
45,AT_Battery,2050,8,9,12,-0.0,0.0,0.0
46,AT_Battery,2050,8,13,16,-0.0,0.0,0.0
47,AT_Battery,2050,8,17,20,-0.0,0.0,0.0
48,AT_Battery,2050,8,21,24,-0.0,0.0,0.0
49,AT_Battery,2050,9,1,4,-0.14385468645938748,0.0,0.0
50,AT_Battery,2050,9,5,8,-0.14385468645938754,0.0,0.0
51,AT_Battery,2050,9,9,12,-0.0,0.0,0.0
52,AT_Battery,2050,9,13,16,-0.0,-0.14385468645938754,0.0
53,AT_Battery,2050,9,17,20,-0.14385468645938754,0.0,0.0
54,AT_Battery,2050,9,21,24,-0.14385468645938754,0.0,0.0
55,AT_Battery,2050,10,1,4,-1.5654450261780113,0.0,0.0
56,AT_Battery,2050,10,5,8,-1.5654450261780077,0.0,0.0
57,AT_Battery,2050,10,9,12,-1.5654450261780113,0.0,0.0
58,AT_Battery,2050,10,13,16,-1.5654450261780113,-0.0,0.0
59,AT_Battery,2050,10,17,20,-1.5654450261780077,0.0,0.0
60,AT_Battery,2050,10,21,24,-1.5654450261780113,0.0,0.0
61,BE_Battery,2050,1,1,2,-0.0,0.0,0.0
62,BE_Battery,2050,1,3,4,-0.0,-0.9790531277486935,0.0
63,BE_Battery,2050,1,5,6,-0.9790531277486935,-10.254150656911303,0.0
64,BE_Battery,2050,1,7,8,-11.233203784659997,-0.0,0.0
65,BE_Battery,2050,1,9,10,-11.233203784659999,0.0,0.0
66,BE_Battery,2050,1,11,12,-1.6449875000000003,0.0,0.0
67,BE_Battery,2050,1,13,14,-1.6449875000000003,0.0,0.0
68,BE_Battery,2050,1,15,16,-0.0,-1.6449875000000003,0.0
69,BE_Battery,2050,1,17,18,-1.6449875000000003,-0.15867742146596875,0.0
70,BE_Battery,2050,1,19,20,-1.803664921465969,0.0,0.0
71,BE_Battery,2050,1,21,22,-1.6449875000000003,0.0,0.0
72,BE_Battery,2050,1,23,24,-0.0,0.0,0.0
73,BE_Battery,2050,2,1,2,-0.0,0.0,0.0
74,BE_Battery,2050,2,3,4,-0.0,0.0,0.0
75,BE_Battery,2050,2,5,6,-0.0,0.0,0.0
76,BE_Battery,2050,2,7,8,-0.0,0.0,0.0
77,BE_Battery,2050,2,9,10,-0.0,0.0,0.0
78,BE_Battery,2050,2,11,12,-0.0,0.0,0.0
79,BE_Battery,2050,2,13,14,-0.0,0.0,0.0
80,BE_Battery,2050,2,15,16,-0.0,0.0,0.0
81,BE_Battery,2050,2,17,18,-0.0,-0.0,0.0
82,BE_Battery,2050,2,19,20,-0.0,0.0,0.0
83,BE_Battery,2050,2,21,22,-0.0,0.0,0.0
84,BE_Battery,2050,2,23,24,-0.0,0.0,0.0
85,BE_Battery,2050,3,1,2,-0.0,0.0,0.0
86,BE_Battery,2050,3,3,4,-0.0,0.0,0.0
87,BE_Battery,2050,3,5,6,-0.0,0.0,0.0
88,BE_Battery,2050,3,7,8,-0.0,0.0,0.0
89,BE_Battery,2050,3,9,10,-0.0,0.0,0.0
90,BE_Battery,2050,3,11,12,-0.0,0.0,0.0
91,BE_Battery,2050,3,13,14,-0.0,0.0,0.0
92,BE_Battery,2050,3,15,16,-0.0,0.0,0.0
93,BE_Battery,2050,3,17,18,-0.0,0.0,0.0
94,BE_Battery,2050,3,19,20,-0.0,0.0,0.0
95,BE_Battery,2050,3,21,22,-0.0,0.0,0.0
96,BE_Battery,2050,3,23,24,-0.0,0.0,0.0
97,BE_Battery,2050,4,1,2,-0.0,0.0,0.0
98,BE_Battery,2050,4,3,4,-0.0,0.0,0.0
99,BE_Battery,2050,4,5,6,-0.0,0.0,0.0
100,BE_Battery,2050,4,7,8,-0.0,0.0,0.0
101,BE_Battery,2050,4,9,10,-0.0,0.0,0.0
102,BE_Battery,2050,4,11,12,-0.0,0.0,0.0
103,BE_Battery,2050,4,13,14,-0.0,0.0,0.0
104,BE_Battery,2050,4,15,16,-0.0,0.0,0.0
105,BE_Battery,2050,4,17,18,-0.0,0.0,0.0
106,BE_Battery,2050,4,19,20,-0.0,0.0,0.0
107,BE_Battery,2050,4,21,22,-0.0,0.0,0.0
108,BE_Battery,2050,4,23,24,-0.0,0.0,0.0
109,BE_Battery,2050,5,1,2,-0.0,0.0,0.0
110,BE_Battery,2050,5,3,4,-0.0,0.0,0.0
111,BE_Battery,2050,5,5,6,-0.0,0.0,0.0
112,BE_Battery,2050,5,7,8,-0.0,0.0,0.0
113,BE_Battery,2050,5,9,10,-0.0,0.0,0.0
114,BE_Battery,2050,5,11,12,-0.0,0.0,0.0
115,BE_Battery,2050,5,13,14,-0.0,0.0,0.0
116,BE_Battery,2050,5,15,16,-0.0,0.0,0.0
117,BE_Battery,2050,5,17,18,-0.0,0.0,0.0
118,BE_Battery,2050,5,19,20,-0.0,0.0,0.0
119,BE_Battery,2050,5,21,22,-0.0,0.0,0.0
120,BE_Battery,2050,5,23,24,-0.0,0.0,0.0
121,BE_Battery,2050,6,1,2,-0.612565445026178,0.0,0.0
122,BE_Battery,2050,6,3,4,-0.612565445026178,0.0,0.0
123,BE_Battery,2050,6,5,6,-0.612565445026178,-0.0,0.0
124,BE_Battery,2050,6,7,8,-0.612565445026178,0.0,0.0
125,BE_Battery,2050,6,9,10,-0.5856202225130891,0.0,0.0
126,BE_Battery,2050,6,11,12,-0.0,0.0,0.0
127,BE_Battery,2050,6,13,14,-0.0,0.0,0.0
128,BE_Battery,2050,6,15,16,-0.0,0.0,0.0
129,BE_Battery,2050,6,17,18,-0.0,-0.558675,0.0
130,BE_Battery,2050,6,19,20,-0.558675,-0.05389044502617801,0.0
131,BE_Battery,2050,6,21,22,-0.612565445026178,0.0,0.0
132,BE_Battery,2050,6,23,24,-0.612565445026178,0.0,0.0
133,BE_Battery,2050,7,1,2,-0.0,-1.1483875000000001,0.0
134,BE_Battery,2050,7,3,4,-1.1483875000000001,-17.093306249999998,0.0
135,BE_Battery,2050,7,5,6,-18.24169375,-34.186612499999995,0.0
136,BE_Battery,2050,7,7,8,-52.42830625,0.0,0.0
137,BE_Battery,2050,7,9,10,-52.42830625,0.0,0.0
138,BE_Battery,2050,7,11,12,-38.7434554973822,0.0,0.0
139,BE_Battery,2050,7,13,14,-38.7434554973822,0.0,0.0
140,BE_Battery,2050,7,15,16,-38.7434554973822,0.0,0.0
141,BE_Battery,2050,7,17,18,-38.7434554973822,0.0,0.0
142,BE_Battery,2050,7,19,20,-38.7434554973822,0.0,0.0
143,BE_Battery,2050,7,21,22,-1.1483875000000001,0.0,0.0
144,BE_Battery,2050,7,23,24,-0.0,0.0,0.0
145,BE_Battery,2050,8,1,2,-0.0,0.0,0.0
146,BE_Battery,2050,8,3,4,-0.0,0.0,0.0
147,BE_Battery,2050,8,5,6,-0.0,0.0,0.0
148,BE_Battery,2050,8,7,8,-0.0,0.0,0.0
149,BE_Battery,2050,8,9,10,-0.0,0.0,0.0
150,BE_Battery,2050,8,11,12,-0.0,0.0,0.0
151,BE_Battery,2050,8,13,14,-0.0,0.0,0.0
152,BE_Battery,2050,8,15,16,-0.0,0.0,0.0
153,BE_Battery,2050,8,17,18,-0.0,0.0,0.0
154,BE_Battery,2050,8,19,20,-0.0,0.0,0.0
155,BE_Battery,2050,8,21,22,-0.0,0.0,0.0
156,BE_Battery,2050,8,23,24,-0.0,0.0,0.0
157,BE_Battery,2050,9,1,2,-0.0,0.0,0.0
158,BE_Battery,2050,9,3,4,-0.0,0.0,0.0
159,BE_Battery,2050,9,5,6,-0.0,0.0,0.0
160,BE_Battery,2050,9,7,8,-0.0,0.0,0.0
161,BE_Battery,2050,9,9,10,-0.0,0.0,0.0
162,BE_Battery,2050,9,11,12,-0.0,0.0,0.0
163,BE_Battery,2050,9,13,14,-0.0,0.0,0.0
164,BE_Battery,2050,9,15,16,-0.0,0.0,0.0
165,BE_Battery,2050,9,17,18,-0.0,0.0,0.0
166,BE_Battery,2050,9,19,20,-0.0,0.0,0.0
167,BE_Battery,2050,9,21,22,-0.0,0.0,0.0
168,BE_Battery,2050,9,23,24,-0.0,0.0,0.0
169,BE_Battery,2050,10,1,2,-1.01039,0.0,0.0
170,BE_Battery,2050,10,3,4,-0.0,-0.0,0.0
171,BE_Battery,2050,10,5,6,-0.0,-2.8554500000000047,0.0
172,BE_Battery,2050,10,7,8,-2.8554500000000047,0.0,0.0
173,BE_Battery,2050,10,9,10,-1.5654450261780113,-12.34505211800198,0.0
174,BE_Battery,2050,10,11,12,-13.910497144179992,-30.019502855820008,0.0
175,BE_Battery,2050,10,13,14,-43.93,0.0,0.0
176,BE_Battery,2050,10,15,16,-43.93,-0.0,0.0
177,BE_Battery,2050,10,17,18,-43.93,-0.0,0.0
178,BE_Battery,2050,10,19,20,-43.93,0.0,0.0
179,BE_Battery,2050,10,21,22,-1.4277250000000004,0.0,0.0
180,BE_Battery,2050,10,23,24,-0.0,-1.01039,0.0
181,BG_Battery,2050,1,1,24,-0.5483291666666669,0.0,0.0
182,BG_Battery,2050,2,1,24,-0.24161500000000005,0.0,0.0
183,BG_Battery,2050,3,1,24,-0.6000583333333336,0.0,0.0
184,BG_Battery,2050,4,1,24,-0.25259750000000003,0.0,0.0
185,BG_Battery,2050,5,1,24,-0.5710900000000002,0.0,0.0
186,BG_Battery,2050,6,1,24,-0.17749417777777785,0.0,0.0
187,BG_Battery,2050,7,1,24,-0.4063525000000001,0.0,0.0
188,BG_Battery,2050,8,1,24,-0.2171033333333334,0.0,0.0
189,BG_Battery,2050,9,1,24,-0.44487083333333344,0.0,0.0
190,BG_Battery,2050,10,1,24,-0.8910471365079369,0.0,0.0
191,CH_Battery,2050,1,1,4,-1.6449875,0.0,0.0
192,CH_Battery,2050,1,5,8,-1.6449875,0.0,0.0
193,CH_Battery,2050,1,9,12,-1.3809309554973825,0.0,0.0
194,CH_Battery,2050,1,13,16,-1.3809309554973825,-0.2640565445026175,0.0
195,CH_Battery,2050,1,17,20,-1.6449875,0.0,0.0
196,CH_Battery,2050,1,21,24,-1.6449875,0.0,0.0
197,CH_Battery,2050,2,1,4,-0.3624225,0.0,0.0
198,CH_Battery,2050,2,5,8,-0.3624225,0.0,0.0
199,CH_Battery,2050,2,9,12,-0.0,0.0,0.0
200,CH_Battery,2050,2,13,16,-0.0,-0.3328722170598177,0.0
201,CH_Battery,2050,2,17,20,-0.3328722170598177,-0.029550282940182304,0.0
202,CH_Battery,2050,2,21,24,-0.3624225,0.0,0.0
203,CH_Battery,2050,3,1,4,-0.9000875000000002,0.0,0.0
204,CH_Battery,2050,3,5,8,-0.9000875000000002,0.0,0.0
205,CH_Battery,2050,3,9,12,-0.9000875000000002,0.0,0.0
206,CH_Battery,2050,3,13,16,-0.8595668770411081,-0.04052062295889203,0.0
207,CH_Battery,2050,3,17,20,-0.9000875000000002,0.0,0.0
208,CH_Battery,2050,3,21,24,-0.9000875000000002,0.0,0.0
209,CH_Battery,2050,4,1,4,-0.0,0.0,0.0
210,CH_Battery,2050,4,5,8,-0.0,0.0,0.0
211,CH_Battery,2050,4,9,12,-0.0,0.0,0.0
212,CH_Battery,2050,4,13,16,-0.0,-0.0,0.0
213,CH_Battery,2050,4,17,20,-0.0,0.0,0.0
214,CH_Battery,2050,4,21,24,-0.0,0.0,0.0
215,CH_Battery,2050,5,1,4,-0.4710322624765524,0.0,0.0
216,CH_Battery,2050,5,5,8,-0.4710322624765524,0.0,0.0
217,CH_Battery,2050,5,9,12,-0.3954212614331959,0.0,0.0
218,CH_Battery,2050,5,13,16,-0.3954212614331959,-0.07561100104335655,0.0
219,CH_Battery,2050,5,17,20,-0.47103226247655244,0.0,0.0
220,CH_Battery,2050,5,21,24,-0.4710322624765524,0.0,0.0
221,CH_Battery,2050,6,1,4,-0.10957761134412966,0.0,0.0
222,CH_Battery,2050,6,5,8,-0.10957761134412966,0.0,0.0
223,CH_Battery,2050,6,9,12,-0.08389535868534928,0.0,0.0
224,CH_Battery,2050,6,13,16,-0.0,-0.10957761134412967,0.0
225,CH_Battery,2050,6,17,20,-0.10957761134412967,0.0,0.0
226,CH_Battery,2050,6,21,24,-0.10957761134412967,0.0,0.0
227,CH_Battery,2050,7,1,4,-1.1483875000000003,0.0,0.0
228,CH_Battery,2050,7,5,8,-1.1483875000000003,0.0,0.0
229,CH_Battery,2050,7,9,12,-0.9640461387434558,0.0,0.0
230,CH_Battery,2050,7,13,16,-0.9640461387434558,-0.1843413612565461,0.0
231,CH_Battery,2050,7,17,20,-1.148387500000002,0.0,0.0
232,CH_Battery,2050,7,21,24,-1.1483875000000001,0.0,0.0
233,CH_Battery,2050,8,1,4,-0.0,0.0,0.0
234,CH_Battery,2050,8,5,8,-0.0,0.0,0.0
235,CH_Battery,2050,8,9,12,-0.0,0.0,0.0
236,CH_Battery,2050,8,13,16,-0.0,0.0,0.0
237,CH_Battery,2050,8,17,20,-0.0,0.0,0.0
238,CH_Battery,2050,8,21,24,-0.0,0.0,0.0
239,CH_Battery,2050,9,1,4,-1.0218126953125004,0.0,0.0
240,CH_Battery,2050,9,5,8,-1.0218126953125009,0.0,0.0
241,CH_Battery,2050,9,9,12,-1.0218126953125004,0.0,0.0
242,CH_Battery,2050,9,13,16,-0.0,-1.0218126953125004,0.0
243,CH_Battery,2050,9,17,20,-1.0218126953125004,-0.31279980468749957,0.0
244,CH_Battery,2050,9,21,24,-1.3346125,0.0,0.0
245,CH_Battery,2050,10,1,4,-1.5654450261780113,0.0,0.0
246,CH_Battery,2050,10,5,8,-1.5654450261780113,0.0,0.0
247,CH_Battery,2050,10,9,12,-1.5654450261780113,0.0,0.0
248,CH_Battery,2050,10,13,16,-1.5654450261780113,-0.0,0.0
249,CH_Battery,2050,10,17,20,-1.5654450261780113,0.0,0.0
250,CH_Battery,2050,10,21,24,-1.5654450261780113,0.0,0.0
251,CY_Battery,2050,1,1,16,-0.0,0.0,0.0
252,CY_Battery,2050,2,1,16,-0.0,0.0,0.0
253,CY_Battery,2050,3,1,16,-0.8826279632097307,0.0,0.0
254,CY_Battery,2050,4,1,16,-0.0,0.0,0.0
255,CY_Battery,2050,5,1,16,-0.0,0.0,0.0
256,CY_Battery,2050,6,1,16,-0.0,0.0,0.0
257,CY_Battery,2050,7,1,16,-0.0,0.0,0.0
258,CY_Battery,2050,8,1,16,-0.0,0.0,0.0
259,CY_Battery,2050,9,1,16,-0.0,0.0,0.0
260,CY_Battery,2050,10,1,16,-0.0,0.0,0.0
261,CZ_Battery,2050,1,1,4,-1.6449874999999992,0.0,0.0
262,CZ_Battery,2050,1,5,8,-1.6449874999999992,0.0,0.0
263,CZ_Battery,2050,1,9,12,-1.6449874999999992,0.0,0.0
264,CZ_Battery,2050,1,13,16,-1.6449875000000005,0.0,0.0
265,CZ_Battery,2050,1,17,20,-1.6449875000000005,0.0,0.0
266,CZ_Battery,2050,1,21,24,-1.6449874999999992,0.0,0.0
267,CZ_Battery,2050,2,1,4,-1.0242375000000004,0.0,0.0
268,CZ_Battery,2050,2,5,8,-0.3624225,0.0,0.0
269,CZ_Battery,2050,2,9,12,-0.0,0.0,0.0
270,CZ_Battery,2050,2,13,16,-0.0,-0.3624225,0.0
271,CZ_Battery,2050,2,17,20,-0.3624225,-0.6618150000000002,0.0
272,CZ_Battery,2050,2,21,24,-1.0242375000000001,0.0,0.0
273,CZ_Battery,2050,3,1,4,-0.9000875000000002,0.0,0.0
274,CZ_Battery,2050,3,5,8,-0.9000875000000002,0.0,0.0
275,CZ_Battery,2050,3,9,12,-0.7556037303664923,0.0,0.0
276,CZ_Battery,2050,3,13,16,-0.7556037303664923,-0.14448376963350784,0.0
277,CZ_Battery,2050,3,17,20,-0.9000875000000002,-0.0,0.0
278,CZ_Battery,2050,3,21,24,-0.9000875000000002,0.0,0.0
279,CZ_Battery,2050,4,1,4,-0.7138625000000002,0.0,0.0
280,CZ_Battery,2050,4,5,8,-0.7138625000000002,0.0,0.0
281,CZ_Battery,2050,4,9,12,-0.7138625000000002,0.0,0.0
282,CZ_Battery,2050,4,13,16,-0.7138625000000002,0.0,0.0
283,CZ_Battery,2050,4,17,20,-0.7138625000000002,0.0,0.0
284,CZ_Battery,2050,4,21,24,-0.7138625000000002,0.0,0.0
285,CZ_Battery,2050,5,1,4,-0.57109,0.0,0.0
286,CZ_Battery,2050,5,5,8,-0.57109,0.0,0.0
287,CZ_Battery,2050,5,9,12,-0.57109,0.0,0.0
288,CZ_Battery,2050,5,13,16,-0.57109,0.0,0.0
289,CZ_Battery,2050,5,17,20,-0.57109,0.0,0.0
290,CZ_Battery,2050,5,21,24,-0.57109,0.0,0.0
291,CZ_Battery,2050,6,1,4,-0.558675,0.0,0.0
292,CZ_Battery,2050,6,5,8,-0.558675,0.0,0.0
293,CZ_Battery,2050,6,9,12,-0.2793375,0.0,0.0
294,CZ_Battery,2050,6,13,16,-0.0,-0.558675,0.0
295,CZ_Battery,2050,6,17,20,-0.558675,0.0,0.0
296,CZ_Battery,2050,6,21,24,-0.558675,0.0,0.0
297,CZ_Battery,2050,7,1,4,-1.1483875000000001,0.0,0.0
298,CZ_Battery,2050,7,5,8,-1.1483875000000001,0.0,0.0
299,CZ_Battery,2050,7,9,12,-0.44554973821989524,0.0,0.0
300,CZ_Battery,2050,7,13,16,-0.44554973821989524,-0.7028377617801067,0.0
301,CZ_Battery,2050,7,17,20,-1.148387500000002,0.0,0.0
302,CZ_Battery,2050,7,21,24,-1.1483875000000001,0.0,0.0
303,CZ_Battery,2050,8,1,4,-0.92063051061874,0.0,0.0
304,CZ_Battery,2050,8,5,8,-0.34045749999999997,0.0,0.0
305,CZ_Battery,2050,8,9,12,-0.0,0.0,0.0
306,CZ_Battery,2050,8,13,16,-0.0,-0.8121238461776625,0.0
307,CZ_Battery,2050,8,17,20,-0.8121238461776625,-0.10850666444107748,0.0
308,CZ_Battery,2050,8,21,24,-0.92063051061874,0.0,0.0
309,CZ_Battery,2050,9,1,4,-0.4722475,0.0,0.0
310,CZ_Battery,2050,9,5,8,-0.4722475,0.0,0.0
311,CZ_Battery,2050,9,9,12,-0.0,0.0,0.0
312,CZ_Battery,2050,9,13,16,-0.0,-0.4722474999999998,0.0
313,CZ_Battery,2050,9,17,20,-0.4722474999999998,0.0,0.0
314,CZ_Battery,2050,9,21,24,-0.4722475,0.0,0.0
315,CZ_Battery,2050,10,1,4,-2.24197203086,0.0,0.0
316,CZ_Battery,2050,10,5,8,-1.7165098361271873,0.0,0.0
317,CZ_Battery,2050,10,9,12,-1.5654450261780113,0.0,0.0
318,CZ_Battery,2050,10,13,16,-1.5654450261780113,-0.6765270046819887,0.0
319,CZ_Battery,2050,10,17,20,-2.24197203086,0.0,0.0
320,CZ_Battery,2050,10,21,24,-2.24197203086,0.0,0.0
321,DE_Battery,2050,1,1,2,-1.803664921465969,0.0,0.0
322,DE_Battery,2050,1,3,4,-1.803664921465969,-48.811335078534036,0.0
323,DE_Battery,2050,1,5,6,-50.615,0.0,0.0
324,DE_Battery,2050,1,7,8,-50.615,0.0,0.0
325,DE_Battery,2050,1,9,10,-11.233203784659999,0.0,0.0
326,DE_Battery,2050,1,11,12,-1.803664921465969,0.0,0.0
327,DE_Battery,2050,1,13,14,-1.803664921465969,0.0,0.0
328,DE_Battery,2050,1,15,16,-1.803664921465969,0.0,0.0
329,DE_Battery,2050,1,17,18,-1.803664921465969,0.0,0.0
330,DE_Battery,2050,1,19,20,-1.803664921465969,0.0,0.0
331,DE_Battery,2050,1,21,22,-1.803664921465969,0.0,0.0
332,DE_Battery,2050,1,23,24,-1.803664921465969,0.0,0.0
333,DE_Battery,2050,2,1,2,-0.0,-0.0,0.0
334,DE_Battery,2050,2,3,4,-0.0,0.0,0.0
335,DE_Battery,2050,2,5,6,-0.0,0.0,0.0
336,DE_Battery,2050,2,7,8,-0.0,0.0,0.0
337,DE_Battery,2050,2,9,10,-0.0,0.0,0.0
338,DE_Battery,2050,2,11,12,-0.0,0.0,0.0
339,DE_Battery,2050,2,13,14,-0.0,0.0,0.0
340,DE_Battery,2050,2,15,16,-0.0,0.0,0.0
341,DE_Battery,2050,2,17,18,-0.0,0.0,0.0
342,DE_Battery,2050,2,19,20,-0.0,0.0,0.0
343,DE_Battery,2050,2,21,22,-0.0,0.0,0.0
344,DE_Battery,2050,2,23,24,-0.0,0.0,0.0
345,DE_Battery,2050,3,1,2,-0.0,0.0,0.0
346,DE_Battery,2050,3,3,4,-0.0,0.0,0.0
347,DE_Battery,2050,3,5,6,-0.0,0.0,0.0
348,DE_Battery,2050,3,7,8,-0.0,0.0,0.0
349,DE_Battery,2050,3,9,10,-0.0,0.0,0.0
350,DE_Battery,2050,3,11,12,-0.0,0.0,0.0
351,DE_Battery,2050,3,13,14,-0.0,0.0,0.0
352,DE_Battery,2050,3,15,16,-0.0,0.0,0.0
353,DE_Battery,2050,3,17,18,-0.0,0.0,0.0
354,DE_Battery,2050,3,19,20,-0.0,0.0,0.0
355,DE_Battery,2050,3,21,22,-0.0,0.0,0.0
356,DE_Battery,2050,3,23,24,-0.0,0.0,0.0
357,DE_Battery,2050,4,1,2,-0.0,0.0,0.0
358,DE_Battery,2050,4,3,4,-0.0,0.0,0.0
359,DE_Battery,2050,4,5,6,-0.0,0.0,0.0
360,DE_Battery,2050,4,7,8,-0.0,0.0,0.0
361,DE_Battery,2050,4,9,10,-0.0,0.0,0.0
362,DE_Battery,2050,4,11,12,-0.0,0.0,0.0
363,DE_Battery,2050,4,13,14,-0.0,0.0,0.0
364,DE_Battery,2050,4,15,16,-0.0,0.0,0.0
365,DE_Battery,2050,4,17,18,-0.0,0.0,0.0
366,DE_Battery,2050,4,19,20,-0.0,0.0,0.0
367,DE_Battery,2050,4,21,22,-0.0,0.0,0.0
368,DE_Battery,2050,4,23,24,-0.0,0.0,0.0
369,DE_Battery,2050,5,1,2,-0.0,0.0,0.0
370,DE_Battery,2050,5,3,4,-0.0,0.0,0.0
371,DE_Battery,2050,5,5,6,-0.0,0.0,0.0
372,DE_Battery,2050,5,7,8,-0.0,0.0,0.0
373,DE_Battery,2050,5,9,10,-0.0,0.0,0.0
374,DE_Battery,2050,5,11,12,-0.0,0.0,0.0
375,DE_Battery,2050,5,13,14,-0.0,0.0,0.0
376,DE_Battery,2050,5,15,16,-0.0,0.0,0.0
377,DE_Battery,2050,5,17,18,-0.0,0.0,0.0
378,DE_Battery,2050,5,19,20,-0.0,0.0,0.0
379,DE_Battery,2050,5,21,22,-0.0,0.0,0.0
380,DE_Battery,2050,5,23,24,-0.0,0.0,0.0
381,DE_Battery,2050,6,1,2,-0.558675,0.0,0.0
382,DE_Battery,2050,6,3,4,-0.558675,0.0,0.0
383,DE_Battery,2050,6,5,6,-0.558675,0.0,0.0
384,DE_Battery,2050,6,7,8,-0.558675,0.0,0.0
385,DE_Battery,2050,6,9,10,-0.558675,0.0,0.0
386,DE_Battery,2050,6,11,12,-0.0,0.0,0.0
387,DE_Battery,2050,6,13,14,-0.0,0.0,0.0
388,DE_Battery,2050,6,15,16,-0.0,0.0,0.0
389,DE_Battery,2050,6,17,18,-0.0,-0.558675,0.0
390,DE_Battery,2050,6,19,20,-0.558675,0.0,0.0
391,DE_Battery,2050,6,21,22,-0.558675,0.0,0.0
392,DE_Battery,2050,6,23,24,-0.558675,0.0,0.0
393,DE_Battery,2050,7,1,2,-1.1483875000000006,0.0,0.0
394,DE_Battery,2050,7,3,4,-1.1483875000000006,0.0,0.0
395,DE_Battery,2050,7,5,6,-1.1483875000000006,0.0,0.0
396,DE_Battery,2050,7,7,8,-1.1483875000000006,0.0,0.0
397,DE_Battery,2050,7,9,10,-1.1483875000000006,0.0,0.0
398,DE_Battery,2050,7,11,12,-1.1483875000000006,0.0,0.0
399,DE_Battery,2050,7,13,14,-1.1483875000000006,0.0,0.0
400,DE_Battery,2050,7,15,16,-1.1483875000000006,-34.1866125,0.0
401,DE_Battery,2050,7,17,18,-35.335,-0.0,0.0
402,DE_Battery,2050,7,19,20,-35.335,0.0,0.0
403,DE_Battery,2050,7,21,22,-1.1483875000000001,0.0,0.0
404,DE_Battery,2050,7,23,24,-1.1483875000000001,0.0,0.0
405,DE_Battery,2050,8,1,2,-0.0,0.0,0.0
406,DE_Battery,2050,8,3,4,-0.0,0.0,0.0
407,DE_Battery,2050,8,5,6,-0.0,0.0,0.0
408,DE_Battery,2050,8,7,8,-0.0,0.0,0.0
409,DE_Battery,2050,8,9,10,-0.0,0.0,0.0
410,DE_Battery,2050,8,11,12,-0.0,0.0,0.0
411,DE_Battery,2050,8,13,14,-0.0,0.0,0.0
412,DE_Battery,2050,8,15,16,-0.0,0.0,0.0
413,DE_Battery,2050,8,17,18,-0.0,0.0,0.0
414,DE_Battery,2050,8,19,20,-0.0,0.0,0.0
415,DE_Battery,2050,8,21,22,-0.0,0.0,0.0
416,DE_Battery,2050,8,23,24,-0.0,0.0,0.0
417,DE_Battery,2050,9,1,2,-0.0,0.0,0.0
418,DE_Battery,2050,9,3,4,-0.0,0.0,0.0
419,DE_Battery,2050,9,5,6,-0.0,0.0,0.0
420,DE_Battery,2050,9,7,8,-0.0,0.0,0.0
421,DE_Battery,2050,9,9,10,-0.0,0.0,0.0
422,DE_Battery,2050,9,11,12,-0.0,0.0,0.0
423,DE_Battery,2050,9,13,14,-0.0,0.0,0.0
424,DE_Battery,2050,9,15,16,-0.0,0.0,0.0
425,DE_Battery,2050,9,17,18,-0.0,0.0,0.0
426,DE_Battery,2050,9,19,20,-0.0,0.0,0.0
427,DE_Battery,2050,9,21,22,-0.0,0.0,0.0
428,DE_Battery,2050,9,23,24,-0.0,0.0,0.0
429,DE_Battery,2050,10,1,2,-48.16753926701571,0.0,0.0
430,DE_Battery,2050,10,3,4,-48.16753926701571,-0.0,0.0
431,DE_Battery,2050,10,5,6,-48.16753926701571,0.0,0.0
432,DE_Battery,2050,10,7,8,-48.16753926701571,0.0,0.0
433,DE_Battery,2050,10,9,10,-48.16753926701571,0.0,0.0
434,DE_Battery,2050,10,11,12,-48.16753926701571,0.0,0.0
435,DE_Battery,2050,10,13,14,-48.16753926701571,0.0,0.0
436,DE_Battery,2050,10,15,16,-48.16753926701571,-18.42083983331551,0.0
437,DE_Battery,2050,10,17,18,-66.58837910033122,0.0,0.0
438,DE_Battery,2050,10,19,20,-48.16753926701571,0.0,0.0
439,DE_Battery,2050,10,21,22,-48.16753926701571,0.0,0.0
440,DE_Battery,2050,10,23,24,-48.16753926701571,0.0,0.0
441,DK_Battery,2050,1,1,2,-50.615,0.0,0.0
442,DK_Battery,2050,1,3,4,-50.615,0.0,0.0
443,DK_Battery,2050,1,5,6,-50.615,0.0,0.0
444,DK_Battery,2050,1,7,8,-50.615,0.0,0.0
445,DK_Battery,2050,1,9,10,-50.615,0.0,0.0
446,DK_Battery,2050,1,11,12,-50.615,0.0,0.0
447,DK_Battery,2050,1,13,14,-50.615,0.0,0.0
448,DK_Battery,2050,1,15,16,-50.615,0.0,0.0
449,DK_Battery,2050,1,17,18,-50.615,0.0,0.0
450,DK_Battery,2050,1,19,20,-50.615,0.0,0.0
451,DK_Battery,2050,1,21,22,-50.615,0.0,0.0
452,DK_Battery,2050,1,23,24,-50.615,0.0,0.0
453,DK_Battery,2050,2,1,2,-0.0,0.0,0.0
454,DK_Battery,2050,2,3,4,-0.0,0.0,0.0
455,DK_Battery,2050,2,5,6,-0.0,0.0,0.0
456,DK_Battery,2050,2,7,8,-0.0,0.0,0.0
457,DK_Battery,2050,2,9,10,-0.0,0.0,0.0
458,DK_Battery,2050,2,11,12,-0.0,0.0,0.0
459,DK_Battery,2050,2,13,14,-0.0,0.0,0.0
460,DK_Battery,2050,2,15,16,-0.0,0.0,0.0
461,DK_Battery,2050,2,17,18,-0.0,0.0,0.0
462,DK_Battery,2050,2,19,20,-0.0,0.0,0.0
463,DK_Battery,2050,2,21,22,-0.0,0.0,0.0
464,DK_Battery,2050,2,23,24,-0.0,0.0,0.0
465,DK_Battery,2050,3,1,2,-0.0,0.0,0.0
466,DK_Battery,2050,3,3,4,-0.0,0.0,0.0
467,DK_Battery,2050,3,5,6,-0.0,0.0,0.0
468,DK_Battery,2050,3,7,8,-0.0,0.0,0.0
469,DK_Battery,2050,3,9,10,-0.0,0.0,0.0
470,DK_Battery,2050,3,11,12,-0.0,0.0,0.0
471,DK_Battery,2050,3,13,14,-0.0,0.0,0.0
472,DK_Battery,2050,3,15,16,-0.0,0.0,0.0
473,DK_Battery,2050,3,17,18,-0.0,0.0,0.0
474,DK_Battery,2050,3,19,20,-0.0,0.0,0.0
475,DK_Battery,2050,3,21,22,-0.0,0.0,0.0
476,DK_Battery,2050,3,23,24,-0.0,0.0,0.0
477,DK_Battery,2050,4,1,2,-0.0,0.0,0.0
478,DK_Battery,2050,4,3,4,-0.0,0.0,0.0
479,DK_Battery,2050,4,5,6,-0.0,0.0,0.0
480,DK_Battery,2050,4,7,8,-0.0,0.0,0.0
481,DK_Battery,2050,4,9,10,-0.0,0.0,0.0
482,DK_Battery,2050,4,11,12,-0.0,0.0,0.0
483,DK_Battery,2050,4,13,14,-0.0,0.0,0.0
484,DK_Battery,2050,4,15,16,-0.0,0.0,0.0
485,DK_Battery,2050,4,17,18,-0.0,0.0,0.0
486,DK_Battery,2050,4,19,20,-0.0,0.0,0.0
487,DK_Battery,2050,4,21,22,-0.0,0.0,0.0
488,DK_Battery,2050,4,23,24,-0.0,0.0,0.0
489,DK_Battery,2050,5,1,2,-0.0,0.0,0.0
490,DK_Battery,2050,5,3,4,-0.0,0.0,0.0
491,DK_Battery,2050,5,5,6,-0.0,0.0,0.0
492,DK_Battery,2050,5,7,8,-0.0,0.0,0.0
493,DK_Battery,2050,5,9,10,-0.0,0.0,0.0
494,DK_Battery,2050,5,11,12,-0.0,0.0,0.0
495,DK_Battery,2050,5,13,14,-0.0,0.0,0.0
496,DK_Battery,2050,5,15,16,-0.0,0.0,0.0
497,DK_Battery,2050,5,17,18,-0.0,0.0,0.0
498,DK_Battery,2050,5,19,20,-0.0,0.0,0.0
499,DK_Battery,2050,5,21,22,-0.0,0.0,0.0
500,DK_Battery,2050,5,23,24,-0.0,0.0,0.0
501,DK_Battery,2050,6,1,2,-0.558675,0.0,0.0
502,DK_Battery,2050,6,3,4,-0.558675,0.0,0.0
503,DK_Battery,2050,6,5,6,-0.558675,0.0,0.0
504,DK_Battery,2050,6,7,8,-0.558675,0.0,0.0
505,DK_Battery,2050,6,9,10,-0.558675,0.0,0.0
506,DK_Battery,2050,6,11,12,-0.558675,0.0,0.0
507,DK_Battery,2050,6,13,14,-0.558675,0.0,0.0
508,DK_Battery,2050,6,15,16,-0.558675,0.0,0.0
509,DK_Battery,2050,6,17,18,-0.558675,0.0,0.0
510,DK_Battery,2050,6,19,20,-0.558675,0.0,0.0
511,DK_Battery,2050,6,21,22,-0.558675,0.0,0.0
512,DK_Battery,2050,6,23,24,-0.558675,0.0,0.0
513,DK_Battery,2050,7,1,2,-35.335,0.0,0.0
514,DK_Battery,2050,7,3,4,-35.335,0.0,0.0
515,DK_Battery,2050,7,5,6,-35.335,0.0,0.0
516,DK_Battery,2050,7,7,8,-35.335,0.0,0.0
517,DK_Battery,2050,7,9,10,-35.335,0.0,0.0
518,DK_Battery,2050,7,11,12,-35.335,0.0,0.0
519,DK_Battery,2050,7,13,14,-35.335,0.0,0.0
520,DK_Battery,2050,7,15,16,-35.335,0.0,0.0
521,DK_Battery,2050,7,17,18,-35.335,0.0,0.0
522,DK_Battery,2050,7,19,20,-35.335,0.0,0.0
523,DK_Battery,2050,7,21,22,-35.335,0.0,0.0
524,DK_Battery,2050,7,23,24,-35.335,0.0,0.0
525,DK_Battery,2050,8,1,2,-0.0,0.0,0.0
526,DK_Battery,2050,8,3,4,-0.0,0.0,0.0
527,DK_Battery,2050,8,5,6,-0.0,0.0,0.0
528,DK_Battery,2050,8,7,8,-0.0,0.0,0.0
529,DK_Battery,2050,8,9,10,-0.0,0.0,0.0
530,DK_Battery,2050,8,11,12,-0.0,0.0,0.0
531,DK_Battery,2050,8,13,14,-0.0,0.0,0.0
532,DK_Battery,2050,8,15,16,-0.0,0.0,0.0
533,DK_Battery,2050,8,17,18,-0.0,0.0,0.0
534,DK_Battery,2050,8,19,20,-0.0,0.0,0.0
535,DK_Battery,2050,8,21,22,-0.0,0.0,0.0
536,DK_Battery,2050,8,23,24,-0.0,0.0,0.0
537,DK_Battery,2050,9,1,2,-0.0,0.0,0.0
538,DK_Battery,2050,9,3,4,-0.0,0.0,0.0
539,DK_Battery,2050,9,5,6,-0.0,0.0,0.0
540,DK_Battery,2050,9,7,8,-0.0,0.0,0.0
541,DK_Battery,2050,9,9,10,-0.0,0.0,0.0
542,DK_Battery,2050,9,11,12,-0.0,0.0,0.0
543,DK_Battery,2050,9,13,14,-0.0,0.0,0.0
544,DK_Battery,2050,9,15,16,-0.0,0.0,0.0
545,DK_Battery,2050,9,17,18,-0.0,0.0,0.0
546,DK_Battery,2050,9,19,20,-0.0,0.0,0.0
547,DK_Battery,2050,9,21,22,-0.0,0.0,0.0
548,DK_Battery,2050,9,23,24,-0.0,0.0,0.0
549,DK_Battery,2050,10,1,2,-66.58837910033122,0.0,0.0
550,DK_Battery,2050,10,3,4,-66.58837910033122,0.0,0.0
551,DK_Battery,2050,10,5,6,-66.58837910033122,0.0,0.0
552,DK_Battery,2050,10,7,8,-66.58837910033122,0.0,0.0
553,DK_Battery,2050,10,9,10,-66.58837910033122,0.0,0.0
554,DK_Battery,2050,10,11,12,-66.58837910033122,0.0,0.0
555,DK_Battery,2050,10,13,14,-66.58837910033122,0.0,0.0
556,DK_Battery,2050,10,15,16,-66.58837910033122,0.0,0.0
557,DK_Battery,2050,10,17,18,-66.58837910033122,0.0,0.0
558,DK_Battery,2050,10,19,20,-66.58837910033122,0.0,0.0
559,DK_Battery,2050,10,21,22,-66.58837910033122,0.0,0.0
560,DK_Battery,2050,10,23,24,-66.58837910033122,0.0,0.0
561,ES_Battery,2050,1,1,8,-1.6449875,0.0,0.0
562,ES_Battery,2050,1,9,16,-0.0,-1.6449875,0.0
563,ES_Battery,2050,1,17,24,-1.6449875,0.0,0.0
564,ES_Battery,2050,2,1,8,-0.34049615548455614,0.0,0.0
565,ES_Battery,2050,2,9,16,-0.0,-0.2606923690428633,0.0
566,ES_Battery,2050,2,17,24,-0.2606923690428633,-0.07980378644169284,0.0
567,ES_Battery,2050,3,1,8,-0.9000875000000002,0.0,0.0
568,ES_Battery,2050,3,9,16,-0.7556037303664925,-0.14448376963350762,0.0
569,ES_Battery,2050,3,17,24,-0.9000875000000002,0.0,0.0
570,ES_Battery,2050,4,1,8,-0.0,0.0,0.0
571,ES_Battery,2050,4,9,16,-0.0,-0.0,0.0
572,ES_Battery,2050,4,17,24,-0.0,0.0,0.0
573,ES_Battery,2050,5,1,8,-1.6139500000000002,0.0,0.0
574,ES_Battery,2050,5,9,16,-0.0,-1.6139500000000002,0.0
575,ES_Battery,2050,5,17,24,-1.6139500000000002,0.0,0.0
576,ES_Battery,2050,6,1,8,-0.0,0.0,0.0
577,ES_Battery,2050,6,9,16,-0.0,0.0,0.0
578,ES_Battery,2050,6,17,24,-0.0,0.0,0.0
579,ES_Battery,2050,7,1,8,-1.1483875000000001,0.0,0.0
580,ES_Battery,2050,7,9,16,-0.0,-1.148387500000002,0.0
581,ES_Battery,2050,7,17,24,-1.148387500000002,-0.0,0.0
582,ES_Battery,2050,8,1,8,-0.14354414642380858,0.0,0.0
583,ES_Battery,2050,8,9,16,-0.0,0.0,0.0
584,ES_Battery,2050,8,17,24,-0.0,-0.14354414642380858,0.0
585,ES_Battery,2050,9,1,8,-1.3346125,0.0,0.0
586,ES_Battery,2050,9,9,16,-0.0,-1.3346125,0.0
587,ES_Battery,2050,9,17,24,-1.3346125,0.0,0.0
588,ES_Battery,2050,10,1,8,-1.427725000000001,0.0,0.0
589,ES_Battery,2050,10,9,16,-0.0,-1.4277250000000004,0.0
590,ES_Battery,2050,10,17,24,-1.4277250000000004,0.0,0.0
591,FI_Battery,2050,1,1,8,-0.0,0.0,0.0
592,FI_Battery,2050,1,9,16,-0.0,-1.0281171875000001,0.0
593,FI_Battery,2050,1,17,24,-1.0281171875000001,0.0,0.0
594,FI_Battery,2050,2,1,8,-0.0,0.0,0.0
595,FI_Battery,2050,2,9,16,-0.0,0.0,0.0
596,FI_Battery,2050,2,17,24,-0.0,0.0,0.0
597,FI_Battery,2050,3,1,8,-0.0,0.0,0.0
598,FI_Battery,2050,3,9,16,-0.0,0.0,0.0
599,FI_Battery,2050,3,17,24,-0.0,0.0,0.0
600,FI_Battery,2050,4,1,8,-0.0,0.0,0.0
601,FI_Battery,2050,4,9,16,-0.0,0.0,0.0
602,FI_Battery,2050,4,17,24,-0.0,0.0,0.0
603,FI_Battery,2050,5,1,8,-0.0,0.0,0.0
604,FI_Battery,2050,5,9,16,-0.0,0.0,0.0
605,FI_Battery,2050,5,17,24,-0.0,0.0,0.0
606,FI_Battery,2050,6,1,8,-0.0,0.0,0.0
607,FI_Battery,2050,6,9,16,-0.0,0.0,0.0
608,FI_Battery,2050,6,17,24,-0.0,0.0,0.0
609,FI_Battery,2050,7,1,8,-0.0,0.0,0.0
610,FI_Battery,2050,7,9,16,-0.0,0.0,0.0
611,FI_Battery,2050,7,17,24,-0.0,0.0,0.0
612,FI_Battery,2050,8,1,8,-0.0,0.0,0.0
613,FI_Battery,2050,8,9,16,-0.0,0.0,0.0
614,FI_Battery,2050,8,17,24,-0.0,0.0,0.0
615,FI_Battery,2050,9,1,8,-0.0,0.0,0.0
616,FI_Battery,2050,9,9,16,-0.0,0.0,0.0
617,FI_Battery,2050,9,17,24,-0.0,0.0,0.0
618,FI_Battery,2050,10,1,8,-0.0,0.0,0.0
619,FI_Battery,2050,10,9,16,-0.0,0.0,0.0
620,FI_Battery,2050,10,17,24,-0.0,0.0,0.0
621,FR_Battery,2050,1,1,4,-50.614999999999995,0.0,0.0
622,FR_Battery,2050,1,5,8,-50.614999999999995,0.0,0.0
623,FR_Battery,2050,1,9,12,-50.614999999999995,0.0,0.0
624,FR_Battery,2050,1,13,16,-50.614999999999995,0.0,0.0
625,FR_Battery,2050,1,17,20,-50.614999999999995,0.0,0.0
626,FR_Battery,2050,1,21,24,-50.614999999999995,0.0,0.0
627,FR_Battery,2050,2,1,4,-0.3624225,0.0,0.0
628,FR_Battery,2050,2,5,8,-0.3624225,0.0,0.0
629,FR_Battery,2050,2,9,12,-0.3624225,0.0,0.0
630,FR_Battery,2050,2,13,16,-0.3624225,0.0,0.0
631,FR_Battery,2050,2,17,20,-0.3624225,0.0,0.0
632,FR_Battery,2050,2,21,24,-0.3624225,0.0,0.0
633,FR_Battery,2050,3,1,4,-0.9000875000000002,0.0,0.0
634,FR_Battery,2050,3,5,8,-0.9000875000000002,0.0,0.0
635,FR_Battery,2050,3,9,12,-0.9000875000000002,0.0,0.0
636,FR_Battery,2050,3,13,16,-0.9000875000000002,0.0,0.0
637,FR_Battery,2050,3,17,20,-0.9000875000000002,0.0,0.0
638,FR_Battery,2050,3,21,24,-0.9000875000000002,0.0,0.0
639,FR_Battery,2050,4,1,4,-0.0,0.0,0.0
640,FR_Battery,2050,4,5,8,-0.0,0.0,0.0
641,FR_Battery,2050,4,9,12,-0.0,0.0,0.0
642,FR_Battery,2050,4,13,16,-0.0,0.0,0.0
643,FR_Battery,2050,4,17,20,-0.0,0.0,0.0
644,FR_Battery,2050,4,21,24,-0.0,0.0,0.0
645,FR_Battery,2050,5,1,4,-0.0,0.0,0.0
646,FR_Battery,2050,5,5,8,-0.0,0.0,0.0
647,FR_Battery,2050,5,9,12,-0.0,0.0,0.0
648,FR_Battery,2050,5,13,16,-0.0,0.0,0.0
649,FR_Battery,2050,5,17,20,-0.0,0.0,0.0
650,FR_Battery,2050,5,21,24,-0.0,0.0,0.0
651,FR_Battery,2050,6,1,4,-0.08389535868534928,0.0,0.0
652,FR_Battery,2050,6,5,8,-0.08389535868534928,0.0,0.0
653,FR_Battery,2050,6,9,12,-0.08389535868534928,0.0,0.0
654,FR_Battery,2050,6,13,16,-0.08389535868534928,0.0,0.0
655,FR_Battery,2050,6,17,20,-0.08389535868534928,0.0,0.0
656,FR_Battery,2050,6,21,24,-0.08389535868534928,0.0,0.0
657,FR_Battery,2050,7,1,4,-44.73376699934555,0.0,0.0
658,FR_Battery,2050,7,5,8,-44.73376699934555,0.0,0.0
659,FR_Battery,2050,7,9,12,-44.73376699934555,0.0,0.0
660,FR_Battery,2050,7,13,16,-44.73376699934555,0.0,0.0
661,FR_Battery,2050,7,17,20,-44.73376699934555,0.0,0.0
662,FR_Battery,2050,7,21,24,-44.73376699934555,0.0,0.0
663,FR_Battery,2050,8,1,4,-0.0,0.0,0.0
664,FR_Battery,2050,8,5,8,-0.0,0.0,0.0
665,FR_Battery,2050,8,9,12,-0.0,0.0,0.0
666,FR_Battery,2050,8,13,16,-0.0,0.0,0.0
667,FR_Battery,2050,8,17,20,-0.0,0.0,0.0
668,FR_Battery,2050,8,21,24,-0.0,0.0,0.0
669,FR_Battery,2050,9,1,4,-1.6474123046874996,0.0,0.0
670,FR_Battery,2050,9,5,8,-1.6474123046874996,0.0,0.0
671,FR_Battery,2050,9,9,12,-1.6474123046874996,0.0,0.0
672,FR_Battery,2050,9,13,16,-1.6474123046874996,0.0,0.0
673,FR_Battery,2050,9,17,20,-1.6474123046874996,0.0,0.0
674,FR_Battery,2050,9,21,24,-1.6474123046874996,0.0,0.0
675,FR_Battery,2050,10,1,4,-7.669111072089995,0.0,0.0
676,FR_Battery,2050,10,5,8,-7.669111072089995,0.0,0.0
677,FR_Battery,2050,10,9,12,-7.669111072089995,0.0,0.0
678,FR_Battery,2050,10,13,16,-7.669111072089995,0.0,0.0
679,FR_Battery,2050,10,17,20,-7.669111072089995,0.0,0.0
680,FR_Battery,2050,10,21,24,-7.669111072089995,0.0,0.0
681,GR_Battery,2050,1,1,16,-0.0,0.0,0.0
682,GR_Battery,2050,2,1,16,-0.0,0.0,0.0
683,GR_Battery,2050,3,1,16,-0.8826279632097307,0.0,0.0
684,GR_Battery,2050,4,1,16,-0.0,0.0,0.0
685,GR_Battery,2050,5,1,16,-0.0,0.0,0.0
686,GR_Battery,2050,6,1,16,-0.0,0.0,0.0
687,GR_Battery,2050,7,1,16,-0.0,0.0,0.0
688,GR_Battery,2050,8,1,16,-0.0,0.0,0.0
689,GR_Battery,2050,9,1,16,-0.0,0.0,0.0
690,GR_Battery,2050,10,1,16,-0.0,0.0,0.0
691,HR_Battery,2050,1,1,16,-0.8224937499999999,0.0,0.0
692,HR_Battery,2050,2,1,16,-0.0,0.0,0.0
693,HR_Battery,2050,3,1,16,-0.7946084960937501,0.0,0.0
694,HR_Battery,2050,4,1,16,-0.3508754189129646,0.0,0.0
695,HR_Battery,2050,5,1,16,-0.7759374999999998,0.0,0.0
696,HR_Battery,2050,6,1,16,-0.09884249999999999,0.0,0.0
697,HR_Battery,2050,7,1,16,-0.57419375,0.0,0.0
698,HR_Battery,2050,8,1,16,-0.0,0.0,0.0
699,HR_Battery,2050,9,1,16,-0.6673062499999999,0.0,0.0
700,HR_Battery,2050,10,1,16,-0.7827225130890026,0.0,0.0
701,HU_Battery,2050,1,1,8,-1.6449875000000003,0.0,0.0
702,HU_Battery,2050,1,9,16,-0.0,-1.6449875000000003,0.0
703,HU_Battery,2050,1,17,24,-1.6449875000000003,0.0,0.0
704,HU_Battery,2050,2,1,8,-0.724845,0.0,0.0
705,HU_Battery,2050,2,9,16,-0.0,-0.69333,0.0
706,HU_Battery,2050,2,17,24,-0.69333,-0.03151499999999996,0.0
707,HU_Battery,2050,3,1,8,-0.9000875000000002,0.0,0.0
708,HU_Battery,2050,3,9,16,-0.9000875000000002,0.0,0.0
709,HU_Battery,2050,3,17,24,-0.9000875000000002,0.0,0.0
710,HU_Battery,2050,4,1,8,-0.7138625000000002,0.0,0.0
711,HU_Battery,2050,4,9,16,-0.7138625000000002,0.0,0.0
712,HU_Battery,2050,4,17,24,-0.7138625000000002,0.0,0.0
713,HU_Battery,2050,5,1,8,-1.551875,0.0,0.0
714,HU_Battery,2050,5,9,16,-0.6261780104712041,-0.9877719895287959,0.0
715,HU_Battery,2050,5,17,24,-1.61395,0.0,0.0
716,HU_Battery,2050,6,1,8,-0.5324825333333334,0.0,0.0
717,HU_Battery,2050,6,9,16,-0.0,-0.558675,0.0
718,HU_Battery,2050,6,17,24,-0.558675,0.0,0.0
719,HU_Battery,2050,7,1,8,-1.1483875000000001,0.0,0.0
720,HU_Battery,2050,7,9,16,-0.15176947710169855,-0.9966180228983018,0.0
721,HU_Battery,2050,7,17,24,-1.1483875000000003,0.0,0.0
722,HU_Battery,2050,8,1,8,-0.6513100000000001,0.0,0.0
723,HU_Battery,2050,8,9,16,-0.0,-0.8871431730888313,0.0
724,HU_Battery,2050,8,17,24,-0.8871431730888313,0.0,0.0
725,HU_Battery,2050,9,1,8,-1.3346125,0.0,0.0
726,HU_Battery,2050,9,9,16,-0.0,-1.3346125,0.0
727,HU_Battery,2050,9,17,24,-1.3346125,0.0,0.0
728,HU_Battery,2050,10,1,8,-1.5654450261780055,0.0,0.0
729,HU_Battery,2050,10,9,16,-1.5654450261780108,-0.6765270046819891,0.0
730,HU_Battery,2050,10,17,24,-2.24197203086,0.0,0.0
731,IE_Battery,2050,1,1,4,-0.0,0.0,0.0
732,IE_Battery,2050,1,5,8,-0.0,0.0,0.0
733,IE_Battery,2050,1,9,12,-0.0,0.0,0.0
734,IE_Battery,2050,1,13,16,-0.0,0.0,0.0
735,IE_Battery,2050,1,17,20,-0.0,0.0,0.0
736,IE_Battery,2050,1,21,24,-0.0,0.0,0.0
737,IE_Battery,2050,2,1,4,-0.0,0.0,0.0
738,IE_Battery,2050,2,5,8,-0.0,0.0,0.0
739,IE_Battery,2050,2,9,12,-0.0,0.0,0.0
740,IE_Battery,2050,2,13,16,-0.0,0.0,0.0
741,IE_Battery,2050,2,17,20,-0.0,0.0,0.0
742,IE_Battery,2050,2,21,24,-0.0,0.0,0.0
743,IE_Battery,2050,3,1,4,-0.0,0.0,0.0
744,IE_Battery,2050,3,5,8,-0.0,0.0,0.0
745,IE_Battery,2050,3,9,12,-0.0,0.0,0.0
746,IE_Battery,2050,3,13,16,-0.0,0.0,0.0
747,IE_Battery,2050,3,17,20,-0.0,0.0,0.0
748,IE_Battery,2050,3,21,24,-0.0,0.0,0.0
749,IE_Battery,2050,4,1,4,-0.0,0.0,0.0
750,IE_Battery,2050,4,5,8,-0.0,0.0,0.0
751,IE_Battery,2050,4,9,12,-0.0,0.0,0.0
752,IE_Battery,2050,4,13,16,-0.0,0.0,0.0
753,IE_Battery,2050,4,17,20,-0.0,0.0,0.0
754,IE_Battery,2050,4,21,24,-0.0,0.0,0.0
755,IE_Battery,2050,5,1,4,-0.0,0.0,0.0
756,IE_Battery,2050,5,5,8,-0.0,0.0,0.0
757,IE_Battery,2050,5,9,12,-0.0,0.0,0.0
758,IE_Battery,2050,5,13,16,-0.0,0.0,0.0
759,IE_Battery,2050,5,17,20,-0.0,0.0,0.0
760,IE_Battery,2050,5,21,24,-0.0,0.0,0.0
761,IE_Battery,2050,6,1,4,-0.0,0.0,0.0
762,IE_Battery,2050,6,5,8,-0.0,0.0,0.0
763,IE_Battery,2050,6,9,12,-0.0,0.0,0.0
764,IE_Battery,2050,6,13,16,-0.0,0.0,0.0
765,IE_Battery,2050,6,17,20,-0.0,0.0,0.0
766,IE_Battery,2050,6,21,24,-0.0,0.0,0.0
767,IE_Battery,2050,7,1,4,-0.0,0.0,0.0
768,IE_Battery,2050,7,5,8,-0.0,0.0,0.0
769,IE_Battery,2050,7,9,12,-0.0,0.0,0.0
770,IE_Battery,2050,7,13,16,-0.0,0.0,0.0
771,IE_Battery,2050,7,17,20,-0.0,0.0,0.0
772,IE_Battery,2050,7,21,24,-0.0,0.0,0.0
773,IE_Battery,2050,8,1,4,-0.0,0.0,0.0
774,IE_Battery,2050,8,5,8,-0.0,0.0,0.0
775,IE_Battery,2050,8,9,12,-0.0,0.0,0.0
776,IE_Battery,2050,8,13,16,-0.0,0.0,0.0
777,IE_Battery,2050,8,17,20,-0.0,0.0,0.0
778,IE_Battery,2050,8,21,24,-0.0,0.0,0.0
779,IE_Battery,2050,9,1,4,-0.0,0.0,0.0
780,IE_Battery,2050,9,5,8,-0.0,0.0,0.0
781,IE_Battery,2050,9,9,12,-0.0,0.0,0.0
782,IE_Battery,2050,9,13,16,-0.0,0.0,0.0
783,IE_Battery,2050,9,17,20,-0.0,0.0,0.0
784,IE_Battery,2050,9,21,24,-0.0,0.0,0.0
785,IE_Battery,2050,10,1,4,-0.0,0.0,0.0
786,IE_Battery,2050,10,5,8,-0.0,0.0,0.0
787,IE_Battery,2050,10,9,12,-0.0,0.0,0.0
788,IE_Battery,2050,10,13,16,-0.0,0.0,0.0
789,IE_Battery,2050,10,17,20,-0.0,0.0,0.0
790,IE_Battery,2050,10,21,24,-0.0,0.0,0.0
791,IT_Battery,2050,1,1,8,-1.6449875,0.0,0.0
792,IT_Battery,2050,1,9,16,-0.0,-1.6449875000000003,0.0
793,IT_Battery,2050,1,17,24,-1.6449875000000003,0.0,0.0
794,IT_Battery,2050,2,1,8,-0.3476473585299088,0.0,0.0
795,IT_Battery,2050,2,9,16,-0.0,-0.3476473585299088,0.0
796,IT_Battery,2050,2,17,24,-0.3476473585299088,0.0,0.0
797,IT_Battery,2050,3,1,8,-0.9232389359027532,0.0,0.0
798,IT_Battery,2050,3,9,16,-0.9232389359027532,0.0,0.0
799,IT_Battery,2050,3,17,24,-0.9232389359027532,0.0,0.0
800,IT_Battery,2050,4,1,8,-0.7017508378259293,0.0,0.0
801,IT_Battery,2050,4,9,16,-0.0,-0.7017508378259293,0.0
802,IT_Battery,2050,4,17,24,-0.7017508378259293,0.0,0.0
803,IT_Battery,2050,5,1,8,-1.6002815438546476,0.0,0.0
804,IT_Battery,2050,5,9,16,-0.3954212614331959,-1.2048602824214516,0.0
805,IT_Battery,2050,5,17,24,-1.6002815438546476,0.0,0.0
806,IT_Battery,2050,6,1,8,-0.10957761134412967,0.0,0.0
807,IT_Battery,2050,6,9,16,-0.0,-0.10957761134412967,0.0
808,IT_Battery,2050,6,17,24,-0.10957761134412967,0.0,0.0
809,IT_Battery,2050,7,1,8,-1.1483875000000001,0.0,0.0
810,IT_Battery,2050,7,9,16,-0.0,-1.1483875000000001,0.0
811,IT_Battery,2050,7,17,24,-1.1483875000000001,0.0,0.0
812,IT_Battery,2050,8,1,8,-0.0,0.0,0.0
813,IT_Battery,2050,8,9,16,-0.0,0.0,0.0
814,IT_Battery,2050,8,17,24,-0.0,0.0,0.0
815,IT_Battery,2050,9,1,8,-1.3346125,0.0,0.0
816,IT_Battery,2050,9,9,16,-0.0,-1.3346125,0.0
817,IT_Battery,2050,9,17,24,-1.3346125,0.0,0.0
818,IT_Battery,2050,10,1,8,-1.5654450261780108,0.0,0.0
819,IT_Battery,2050,10,9,16,-1.5654450261780108,0.0,0.0
820,IT_Battery,2050,10,17,24,-1.5654450261780108,0.0,0.0
821,LT_Battery,2050,1,1,8,-0.0,0.0,0.0
822,LT_Battery,2050,1,9,16,-0.0,-1.0281171875000001,0.0
823,LT_Battery,2050,1,17,24,-1.0281171875000001,0.0,0.0
824,LT_Battery,2050,2,1,8,-0.0,0.0,0.0
825,LT_Battery,2050,2,9,16,-0.0,0.0,0.0
826,LT_Battery,2050,2,17,24,-0.0,0.0,0.0
827,LT_Battery,2050,3,1,8,-0.0,0.0,0.0
828,LT_Battery,2050,3,9,16,-0.0,-0.0,0.0
829,LT_Battery,2050,3,17,24,-0.0,0.0,0.0
830,LT_Battery,2050,4,1,8,-0.0,0.0,0.0
831,LT_Battery,2050,4,9,16,-0.0,0.0,0.0
832,LT_Battery,2050,4,17,24,-0.0,0.0,0.0
833,LT_Battery,2050,5,1,8,-0.0,0.0,0.0
834,LT_Battery,2050,5,9,16,-0.0,-0.0,0.0
835,LT_Battery,2050,5,17,24,-0.0,0.0,0.0
836,LT_Battery,2050,6,1,8,-0.0,0.0,0.0
837,LT_Battery,2050,6,9,16,-0.0,-0.0,0.0
838,LT_Battery,2050,6,17,24,-0.0,0.0,0.0
839,LT_Battery,2050,7,1,8,-0.0,0.0,0.0
840,LT_Battery,2050,7,9,16,-0.0,0.0,0.0
841,LT_Battery,2050,7,17,24,-0.0,0.0,0.0
842,LT_Battery,2050,8,1,8,-0.0,0.0,0.0
843,LT_Battery,2050,8,9,16,-0.0,0.0,0.0
844,LT_Battery,2050,8,17,24,-0.0,0.0,0.0
845,LT_Battery,2050,9,1,8,-0.0,0.0,0.0
846,LT_Battery,2050,9,9,16,-0.0,0.0,0.0
847,LT_Battery,2050,9,17,24,-0.0,0.0,0.0
848,LT_Battery,2050,10,1,8,-0.27696335078534035,0.0,0.0
849,LT_Battery,2050,10,9,16,-0.27696335078534035,-0.22823164921465972,0.0
850,LT_Battery,2050,10,17,24,-0.5051950000000001,0.0,0.0
851,LV_Battery,2050,1,1,16,-0.0,0.0,0.0
852,LV_Battery,2050,2,1,16,-0.0,0.0,0.0
853,LV_Battery,2050,3,1,16,-0.0,0.0,0.0
854,LV_Battery,2050,4,1,16,-0.0,0.0,0.0
855,LV_Battery,2050,5,1,16,-0.0,0.0,0.0
856,LV_Battery,2050,6,1,16,-0.0,0.0,0.0
857,LV_Battery,2050,7,1,16,-0.0,0.0,0.0
858,LV_Battery,2050,8,1,16,-0.0,0.0,0.0
859,LV_Battery,2050,9,1,16,-0.0,0.0,0.0
860,LV_Battery,2050,10,1,16,-0.0,0.0,0.0
861,NL_Battery,2050,1,1,1,-0.0,0.0,0.0
862,NL_Battery,2050,1,2,2,-0.0,0.0,0.0
863,NL_Battery,2050,1,3,3,-0.0,-0.0,0.0
864,NL_Battery,2050,1,4,4,-0.0,-1.6449875000000003,0.0
865,NL_Battery,2050,1,5,5,-1.6449875000000003,0.0,0.0
866,NL_Battery,2050,1,6,6,-1.6449875000000003,-9.588216284659998,0.0
867,NL_Battery,2050,1,7,7,-11.233203784659999,0.0,0.0
868,NL_Battery,2050,1,8,8,-11.233203784659999,0.0,0.0
869,NL_Battery,2050,1,9,9,-11.233203784659999,0.0,0.0
870,NL_Battery,2050,1,10,10,-11.233203784659999,0.0,0.0
871,NL_Battery,2050,1,11,11,-1.803664921465969,0.0,0.0
872,NL_Battery,2050,1,12,12,-1.803664921465969,0.0,0.0
873,NL_Battery,2050,1,13,13,-1.803664921465969,0.0,0.0
874,NL_Battery,2050,1,14,14,-1.803664921465969,0.0,0.0
875,NL_Battery,2050,1,15,15,-1.803664921465969,0.0,0.0
876,NL_Battery,2050,1,16,16,-1.803664921465969,0.0,0.0
877,NL_Battery,2050,1,17,17,-1.803664921465969,0.0,0.0
878,NL_Battery,2050,1,18,18,-1.803664921465969,0.0,0.0
879,NL_Battery,2050,1,19,19,-1.803664921465969,0.0,0.0
880,NL_Battery,2050,1,20,20,-1.803664921465969,0.0,0.0
881,NL_Battery,2050,1,21,21,-1.6449875000000003,0.0,0.0
882,NL_Battery,2050,1,22,22,-0.0,0.0,0.0
883,NL_Battery,2050,1,23,23,-0.0,0.0,0.0
884,NL_Battery,2050,1,24,24,-0.0,0.0,0.0
885,NL_Battery,2050,2,1,1,-0.0,0.0,0.0
886,NL_Battery,2050,2,2,2,-0.0,0.0,0.0
887,NL_Battery,2050,2,3,3,-0.0,0.0,0.0
888,NL_Battery,2050,2,4,4,-0.0,0.0,0.0
889,NL_Battery,2050,2,5,5,-0.0,0.0,0.0
890,NL_Battery,2050,2,6,6,-0.0,0.0,0.0
891,NL_Battery,2050,2,7,7,-0.0,0.0,0.0
892,NL_Battery,2050,2,8,8,-0.0,0.0,0.0
893,NL_Battery,2050,2,9,9,-0.0,0.0,0.0
894,NL_Battery,2050,2,10,10,-0.0,0.0,0.0
895,NL_Battery,2050,2,11,11,-0.0,0.0,0.0
896,NL_Battery,2050,2,12,12,-0.0,0.0,0.0
897,NL_Battery,2050,2,13,13,-0.0,0.0,0.0
898,NL_Battery,2050,2,14,14,-0.0,0.0,0.0
899,NL_Battery,2050,2,15,15,-0.0,0.0,0.0
900,NL_Battery,2050,2,16,16,-0.0,0.0,0.0
901,NL_Battery,2050,2,17,17,-0.0,0.0,0.0
902,NL_Battery,2050,2,18,18,-0.0,0.0,0.0
903,NL_Battery,2050,2,19,19,-0.0,0.0,0.0
904,NL_Battery,2050,2,20,20,-0.0,0.0,0.0
905,NL_Battery,2050,2,21,21,-0.0,0.0,0.0
906,NL_Battery,2050,2,22,22,-0.0,0.0,0.0
907,NL_Battery,2050,2,23,23,-0.0,0.0,0.0
908,NL_Battery,2050,2,24,24,-0.0,0.0,0.0
909,NL_Battery,2050,3,1,1,-0.0,0.0,0.0
910,NL_Battery,2050,3,2,2,-0.0,0.0,0.0
911,NL_Battery,2050,3,3,3,-0.0,0.0,0.0
912,NL_Battery,2050,3,4,4,-0.0,0.0,0.0
913,NL_Battery,2050,3,5,5,-0.0,0.0,0.0
914,NL_Battery,2050,3,6,6,-0.0,0.0,0.0
915,NL_Battery,2050,3,7,7,-0.0,0.0,0.0
916,NL_Battery,2050,3,8,8,-0.0,0.0,0.0
917,NL_Battery,2050,3,9,9,-0.0,0.0,0.0
918,NL_Battery,2050,3,10,10,-0.0,0.0,0.0
919,NL_Battery,2050,3,11,11,-0.0,0.0,0.0
920,NL_Battery,2050,3,12,12,-0.0,0.0,0.0
921,NL_Battery,2050,3,13,13,-0.0,0.0,0.0
922,NL_Battery,2050,3,14,14,-0.0,0.0,0.0
923,NL_Battery,2050,3,15,15,-0.0,0.0,0.0
924,NL_Battery,2050,3,16,16,-0.0,0.0,0.0
925,NL_Battery,2050,3,17,17,-0.0,0.0,0.0
926,NL_Battery,2050,3,18,18,-0.0,0.0,0.0
927,NL_Battery,2050,3,19,19,-0.0,0.0,0.0
928,NL_Battery,2050,3,20,20,-0.0,0.0,0.0
929,NL_Battery,2050,3,21,21,-0.0,0.0,0.0
930,NL_Battery,2050,3,22,22,-0.0,0.0,0.0
931,NL_Battery,2050,3,23,23,-0.0,0.0,0.0
932,NL_Battery,2050,3,24,24,-0.0,0.0,0.0
933,NL_Battery,2050,4,1,1,-0.0,0.0,0.0
934,NL_Battery,2050,4,2,2,-0.0,0.0,0.0
935,NL_Battery,2050,4,3,3,-0.0,0.0,0.0
936,NL_Battery,2050,4,4,4,-0.0,0.0,0.0
937,NL_Battery,2050,4,5,5,-0.0,0.0,0.0
938,NL_Battery,2050,4,6,6,-0.0,0.0,0.0
939,NL_Battery,2050,4,7,7,-0.0,0.0,0.0
940,NL_Battery,2050,4,8,8,-0.0,0.0,0.0
941,NL_Battery,2050,4,9,9,-0.0,0.0,0.0
942,NL_Battery,2050,4,10,10,-0.0,0.0,0.0
943,NL_Battery,2050,4,11,11,-0.0,0.0,0.0
944,NL_Battery,2050,4,12,12,-0.0,0.0,0.0
945,NL_Battery,2050,4,13,13,-0.0,0.0,0.0
946,NL_Battery,2050,4,14,14,-0.0,0.0,0.0
947,NL_Battery,2050,4,15,15,-0.0,0.0,0.0
948,NL_Battery,2050,4,16,16,-0.0,0.0,0.0
949,NL_Battery,2050,4,17,17,-0.0,0.0,0.0
950,NL_Battery,2050,4,18,18,-0.0,0.0,0.0
951,NL_Battery,2050,4,19,19,-0.0,0.0,0.0
952,NL_Battery,2050,4,20,20,-0.0,0.0,0.0
953,NL_Battery,2050,4,21,21,-0.0,0.0,0.0
954,NL_Battery,2050,4,22,22,-0.0,0.0,0.0
955,NL_Battery,2050,4,23,23,-0.0,0.0,0.0
956,NL_Battery,2050,4,24,24,-0.0,0.0,0.0
957,NL_Battery,2050,5,1,1,-0.0,0.0,0.0
958,NL_Battery,2050,5,2,2,-0.0,0.0,0.0
959,NL_Battery,2050,5,3,3,-0.0,0.0,0.0
960,NL_Battery,2050,5,4,4,-0.0,0.0,0.0
961,NL_Battery,2050,5,5,5,-0.0,0.0,0.0
962,NL_Battery,2050,5,6,6,-0.0,0.0,0.0
963,NL_Battery,2050,5,7,7,-0.0,0.0,0.0
964,NL_Battery,2050,5,8,8,-0.0,0.0,0.0
965,NL_Battery,2050,5,9,9,-0.0,0.0,0.0
966,NL_Battery,2050,5,10,10,-0.0,0.0,0.0
967,NL_Battery,2050,5,11,11,-0.0,0.0,0.0
968,NL_Battery,2050,5,12,12,-0.0,0.0,0.0
969,NL_Battery,2050,5,13,13,-0.0,0.0,0.0
970,NL_Battery,2050,5,14,14,-0.0,0.0,0.0
971,NL_Battery,2050,5,15,15,-0.0,0.0,0.0
972,NL_Battery,2050,5,16,16,-0.0,0.0,0.0
973,NL_Battery,2050,5,17,17,-0.0,0.0,0.0
974,NL_Battery,2050,5,18,18,-0.0,0.0,0.0
975,NL_Battery,2050,5,19,19,-0.0,0.0,0.0
976,NL_Battery,2050,5,20,20,-0.0,0.0,0.0
977,NL_Battery,2050,5,21,21,-0.0,0.0,0.0
978,NL_Battery,2050,5,22,22,-0.0,0.0,0.0
979,NL_Battery,2050,5,23,23,-0.0,0.0,0.0
980,NL_Battery,2050,5,24,24,-0.0,0.0,0.0
981,NL_Battery,2050,6,1,1,-0.6125654450261782,0.0,0.0
982,NL_Battery,2050,6,2,2,-0.6125654450261782,0.0,0.0
983,NL_Battery,2050,6,3,3,-0.6125654450261782,0.0,0.0
984,NL_Battery,2050,6,4,4,-0.6125654450261782,0.0,0.0
985,NL_Battery,2050,6,5,5,-0.6125654450261782,0.0,0.0
986,NL_Battery,2050,6,6,6,-0.6125654450261782,0.0,0.0
987,NL_Battery,2050,6,7,7,-0.6125654450261782,0.0,0.0
988,NL_Battery,2050,6,8,8,-0.6125654450261782,0.0,0.0
989,NL_Battery,2050,6,9,9,-0.6125654450261782,0.0,0.0
990,NL_Battery,2050,6,10,10,-0.558675,0.0,0.0
991,NL_Battery,2050,6,11,11,-0.0,0.0,0.0
992,NL_Battery,2050,6,12,12,-0.0,0.0,0.0
993,NL_Battery,2050,6,13,13,-0.0,0.0,0.0
994,NL_Battery,2050,6,14,14,-0.0,0.0,0.0
995,NL_Battery,2050,6,15,15,-0.0,0.0,0.0
996,NL_Battery,2050,6,16,16,-0.0,0.0,0.0
997,NL_Battery,2050,6,17,17,-0.0,0.0,0.0
998,NL_Battery,2050,6,18,18,-0.0,-0.504784554973822,0.0
999,NL_Battery,2050,6,19,19,-0.504784554973822,-0.10778089005235614,0.0
1000,NL_Battery,2050,6,20,20,-0.6125654450261782,0.0,0.0
1001,NL_Battery,2050,6,21,21,-0.6125654450261782,0.0,0.0
1002,NL_Battery,2050,6,22,22,-0.6125654450261782,0.0,0.0
1003,NL_Battery,2050,6,23,23,-0.6125654450261782,0.0,0.0
1004,NL_Battery,2050,6,24,24,-0.6125654450261782,0.0,0.0
1005,NL_Battery,2050,7,1,1,-1.2591623036649215,0.0,0.0
1006,NL_Battery,2050,7,2,2,-1.2591623036649215,0.0,0.0
1007,NL_Battery,2050,7,3,3,-1.2591623036649215,0.0,0.0
1008,NL_Battery,2050,7,4,4,-1.2591623036649215,0.0,0.0
1009,NL_Battery,2050,7,5,5,-1.2591623036649215,-34.07583769633508,0.0
1010,NL_Battery,2050,7,6,6,-35.335,0.0,0.0
1011,NL_Battery,2050,7,7,7,-35.335,-3.4084554973821994,0.0
1012,NL_Battery,2050,7,8,8,-38.7434554973822,0.0,0.0
1013,NL_Battery,2050,7,9,9,-38.7434554973822,0.0,0.0
1014,NL_Battery,2050,7,10,10,-38.7434554973822,0.0,0.0
1015,NL_Battery,2050,7,11,11,-38.7434554973822,0.0,0.0
1016,NL_Battery,2050,7,12,12,-38.7434554973822,0.0,0.0
1017,NL_Battery,2050,7,13,13,-38.7434554973822,0.0,0.0
1018,NL_Battery,2050,7,14,14,-38.7434554973822,0.0,0.0
1019,NL_Battery,2050,7,15,15,-38.7434554973822,0.0,0.0
1020,NL_Battery,2050,7,16,16,-38.7434554973822,0.0,0.0
1021,NL_Battery,2050,7,17,17,-38.7434554973822,0.0,0.0
1022,NL_Battery,2050,7,18,18,-38.7434554973822,0.0,0.0
1023,NL_Battery,2050,7,19,19,-38.7434554973822,0.0,0.0
1024,NL_Battery,2050,7,20,20,-38.7434554973822,0.0,0.0
1025,NL_Battery,2050,7,21,21,-1.2591623036649215,0.0,0.0
1026,NL_Battery,2050,7,22,22,-1.2591623036649215,0.0,0.0
1027,NL_Battery,2050,7,23,23,-1.2591623036649215,0.0,0.0
1028,NL_Battery,2050,7,24,24,-1.2591623036649215,0.0,0.0
1029,NL_Battery,2050,8,1,1,-0.0,0.0,0.0
1030,NL_Battery,2050,8,2,2,-0.0,0.0,0.0
1031,NL_Battery,2050,8,3,3,-0.0,0.0,0.0
1032,NL_Battery,2050,8,4,4,-0.0,0.0,0.0
1033,NL_Battery,2050,8,5,5,-0.0,0.0,0.0
1034,NL_Battery,2050,8,6,6,-0.0,0.0,0.0
1035,NL_Battery,2050,8,7,7,-0.0,0.0,0.0
1036,NL_Battery,2050,8,8,8,-0.0,0.0,0.0
1037,NL_Battery,2050,8,9,9,-0.0,0.0,0.0
1038,NL_Battery,2050,8,10,10,-0.0,0.0,0.0
1039,NL_Battery,2050,8,11,11,-0.0,0.0,0.0
1040,NL_Battery,2050,8,12,12,-0.0,0.0,0.0
1041,NL_Battery,2050,8,13,13,-0.0,0.0,0.0
1042,NL_Battery,2050,8,14,14,-0.0,0.0,0.0
1043,NL_Battery,2050,8,15,15,-0.0,0.0,0.0
1044,NL_Battery,2050,8,16,16,-0.0,0.0,0.0
1045,NL_Battery,2050,8,17,17,-0.0,0.0,0.0
1046,NL_Battery,2050,8,18,18,-0.0,0.0,0.0
1047,NL_Battery,2050,8,19,19,-0.0,0.0,0.0
1048,NL_Battery,2050,8,20,20,-0.0,0.0,0.0
1049,NL_Battery,2050,8,21,21,-0.0,0.0,0.0
1050,NL_Battery,2050,8,22,22,-0.0,0.0,0.0
1051,NL_Battery,2050,8,23,23,-0.0,0.0,0.0
1052,NL_Battery,2050,8,24,24,-0.0,0.0,0.0
1053,NL_Battery,2050,9,1,1,-0.0,0.0,0.0
1054,NL_Battery,2050,9,2,2,-0.0,0.0,0.0
1055,NL_Battery,2050,9,3,3,-0.0,0.0,0.0
1056,NL_Battery,2050,9,4,4,-0.0,0.0,0.0
1057,NL_Battery,2050,9,5,5,-0.0,0.0,0.0
1058,NL_Battery,2050,9,6,6,-0.0,0.0,0.0
1059,NL_Battery,2050,9,7,7,-0.0,0.0,0.0
1060,NL_Battery,2050,9,8,8,-0.0,0.0,0.0
1061,NL_Battery,2050,9,9,9,-0.0,0.0,0.0
1062,NL_Battery,2050,9,10,10,-0.0,0.0,0.0
1063,NL_Battery,2050,9,11,11,-0.0,0.0,0.0
1064,NL_Battery,2050,9,12,12,-0.0,0.0,0.0
1065,NL_Battery,2050,9,13,13,-0.0,0.0,0.0
1066,NL_Battery,2050,9,14,14,-0.0,0.0,0.0
1067,NL_Battery,2050,9,15,15,-0.0,0.0,0.0
1068,NL_Battery,2050,9,16,16,-0.0,0.0,0.0
1069,NL_Battery,2050,9,17,17,-0.0,0.0,0.0
1070,NL_Battery,2050,9,18,18,-0.0,0.0,0.0
1071,NL_Battery,2050,9,19,19,-0.0,0.0,0.0
1072,NL_Battery,2050,9,20,20,-0.0,0.0,0.0
1073,NL_Battery,2050,9,21,21,-0.0,0.0,0.0
1074,NL_Battery,2050,9,22,22,-0.0,0.0,0.0
1075,NL_Battery,2050,9,23,23,-0.0,0.0,0.0
1076,NL_Battery,2050,9,24,24,-0.0,0.0,0.0
1077,NL_Battery,2050,10,1,1,-3.5081870240299997,0.0,0.0
1078,NL_Battery,2050,10,2,2,-3.5081870240299997,0.0,0.0
1079,NL_Battery,2050,10,3,3,-3.5081870240299997,0.0,0.0
1080,NL_Battery,2050,10,4,4,-3.5081870240299997,-40.42181297597,0.0
1081,NL_Battery,2050,10,5,5,-43.93,0.0,0.0
1082,NL_Battery,2050,10,6,6,-43.93,0.0,0.0
1083,NL_Battery,2050,10,7,7,-43.93,0.0,0.0
1084,NL_Battery,2050,10,8,8,-43.93,0.0,0.0
1085,NL_Battery,2050,10,9,9,-43.93,0.0,0.0
1086,NL_Battery,2050,10,10,10,-43.93,0.0,0.0
1087,NL_Battery,2050,10,11,11,-43.93,0.0,0.0
1088,NL_Battery,2050,10,12,12,-43.93,0.0,0.0
1089,NL_Battery,2050,10,13,13,-43.93,0.0,0.0
1090,NL_Battery,2050,10,14,14,-43.93,0.0,0.0
1091,NL_Battery,2050,10,15,15,-43.93,0.0,0.0
1092,NL_Battery,2050,10,16,16,-43.93,0.0,0.0
1093,NL_Battery,2050,10,17,17,-43.93,0.0,0.0
1094,NL_Battery,2050,10,18,18,-43.93,0.0,0.0
1095,NL_Battery,2050,10,19,19,-43.93,0.0,0.0
1096,NL_Battery,2050,10,20,20,-43.93,0.0,0.0
1097,NL_Battery,2050,10,21,21,-1.5654450261780108,0.0,0.0
1098,NL_Battery,2050,10,22,22,-1.5654450261780108,0.0,0.0
1099,NL_Battery,2050,10,23,23,-1.5654450261780108,0.0,0.0
1100,NL_Battery,2050,10,24,24,-1.5654450261780108,-1.9427419978519889,0.0
1101,PT_Battery,2050,1,1,16,-0.8224937499999999,0.0,0.0
1102,PT_Battery,2050,2,1,16,-0.17024807774227804,0.0,0.0
1103,PT_Battery,2050,3,1,16,-0.7946084960937501,0.0,0.0
1104,PT_Battery,2050,4,1,16,-0.0,0.0,0.0
1105,PT_Battery,2050,5,1,16,-0.806975,0.0,0.0
1106,PT_Battery,2050,6,1,16,-0.0,0.0,0.0
1107,PT_Battery,2050,7,1,16,-0.2859713329839845,0.0,0.0
1108,PT_Battery,2050,8,1,16,-0.06667729594774556,0.0,0.0
1109,PT_Battery,2050,9,1,16,-0.6673062499999999,0.0,0.0
1110,PT_Battery,2050,10,1,16,-0.7138625000000004,0.0,0.0
1111,RO_Battery,2050,1,1,16,-0.82249375,0.0,0.0
1112,RO_Battery,2050,2,1,16,-0.3624224999999999,0.0,0.0
1113,RO_Battery,2050,3,1,16,-0.9000875,0.0,0.0
1114,RO_Battery,2050,4,1,16,-0.7138625000000001,0.0,0.0
1115,RO_Battery,2050,5,1,16,-1.0614824999999999,0.0,0.0
1116,RO_Battery,2050,6,1,16,-0.26624126666666664,0.0,0.0
1117,RO_Battery,2050,7,1,16,-0.6434025286768382,0.0,0.0
1118,RO_Battery,2050,8,1,16,-0.325655,0.0,0.0
1119,RO_Battery,2050,9,1,16,-0.6673062499999999,0.0,0.0
1120,RO_Battery,2050,10,1,16,-1.4277249999999997,0.0,0.0
1121,SE_Battery,2050,1,1,4,-0.0,-0.0,0.0
1122,SE_Battery,2050,1,5,8,-0.0,0.0,0.0
1123,SE_Battery,2050,1,9,12,-0.0,0.0,0.0
1124,SE_Battery,2050,1,13,16,-0.0,-1.6449875000000003,0.0
1125,SE_Battery,2050,1,17,20,-1.6449875000000003,0.0,0.0
1126,SE_Battery,2050,1,21,24,-0.41124687500000007,0.0,0.0
1127,SE_Battery,2050,2,1,4,-0.0,0.0,0.0
1128,SE_Battery,2050,2,5,8,-0.0,0.0,0.0
1129,SE_Battery,2050,2,9,12,-0.0,0.0,0.0
1130,SE_Battery,2050,2,13,16,-0.0,0.0,0.0
1131,SE_Battery,2050,2,17,20,-0.0,0.0,0.0
1132,SE_Battery,2050,2,21,24,-0.0,0.0,0.0
1133,SE_Battery,2050,3,1,4,-0.0,0.0,0.0
1134,SE_Battery,2050,3,5,8,-0.0,0.0,0.0
1135,SE_Battery,2050,3,9,12,-0.0,0.0,0.0
1136,SE_Battery,2050,3,13,16,-0.0,0.0,0.0
1137,SE_Battery,2050,3,17,20,-0.0,0.0,0.0
1138,SE_Battery,2050,3,21,24,-0.0,0.0,0.0
1139,SE_Battery,2050,4,1,4,-0.0,0.0,0.0
1140,SE_Battery,2050,4,5,8,-0.0,0.0,0.0
1141,SE_Battery,2050,4,9,12,-0.0,0.0,0.0
1142,SE_Battery,2050,4,13,16,-0.0,0.0,0.0
1143,SE_Battery,2050,4,17,20,-0.0,0.0,0.0
1144,SE_Battery,2050,4,21,24,-0.0,0.0,0.0
1145,SE_Battery,2050,5,1,4,-0.0,0.0,0.0
1146,SE_Battery,2050,5,5,8,-0.0,0.0,0.0
1147,SE_Battery,2050,5,9,12,-0.0,0.0,0.0
1148,SE_Battery,2050,5,13,16,-0.0,0.0,0.0
1149,SE_Battery,2050,5,17,20,-0.0,0.0,0.0
1150,SE_Battery,2050,5,21,24,-0.0,0.0,0.0
1151,SE_Battery,2050,6,1,4,-0.0,-0.0,0.0
1152,SE_Battery,2050,6,5,8,-0.0,0.0,0.0
1153,SE_Battery,2050,6,9,12,-0.0,0.0,0.0
1154,SE_Battery,2050,6,13,16,-0.0,-0.0,0.0
1155,SE_Battery,2050,6,17,20,-0.0,-0.0,0.0
1156,SE_Battery,2050,6,21,24,-0.0,0.0,0.0
1157,SE_Battery,2050,7,1,4,-0.0,0.0,0.0
1158,SE_Battery,2050,7,5,8,-0.0,0.0,0.0
1159,SE_Battery,2050,7,9,12,-0.0,0.0,0.0
1160,SE_Battery,2050,7,13,16,-0.0,-0.0,0.0
1161,SE_Battery,2050,7,17,20,-0.0,0.0,0.0
1162,SE_Battery,2050,7,21,24,-0.0,0.0,0.0
1163,SE_Battery,2050,8,1,4,-0.0,0.0,0.0
1164,SE_Battery,2050,8,5,8,-0.0,0.0,0.0
1165,SE_Battery,2050,8,9,12,-0.0,0.0,0.0
1166,SE_Battery,2050,8,13,16,-0.0,-0.0,0.0
1167,SE_Battery,2050,8,17,20,-0.0,0.0,0.0
1168,SE_Battery,2050,8,21,24,-0.0,0.0,0.0
1169,SE_Battery,2050,9,1,4,-0.0,0.0,0.0
1170,SE_Battery,2050,9,5,8,-0.0,0.0,0.0
1171,SE_Battery,2050,9,9,12,-0.0,0.0,0.0
1172,SE_Battery,2050,9,13,16,-0.0,0.0,0.0
1173,SE_Battery,2050,9,17,20,-0.0,0.0,0.0
1174,SE_Battery,2050,9,21,24,-0.0,0.0,0.0
1175,SE_Battery,2050,10,1,4,-0.0,-0.5051950000000001,0.0
1176,SE_Battery,2050,10,5,8,-0.5051950000000001,0.0,0.0
1177,SE_Battery,2050,10,9,12,-0.0,-0.5051950000000001,0.0
1178,SE_Battery,2050,10,13,16,-0.5051950000000001,0.0,0.0
1179,SE_Battery,2050,10,17,20,-0.5051950000000001,0.0,0.0
1180,SE_Battery,2050,10,21,24,-0.5051950000000001,0.0,0.0
1181,SI_Battery,2050,1,1,8,-1.6449875,0.0,0.0
1182,SI_Battery,2050,1,9,16,-0.0,-1.6449875000000003,0.0
1183,SI_Battery,2050,1,17,24,-1.6449875000000003,-0.0,0.0
1184,SI_Battery,2050,2,1,8,-0.0,0.0,0.0
1185,SI_Battery,2050,2,9,16,-0.0,0.0,0.0
1186,SI_Battery,2050,2,17,24,-0.0,0.0,0.0
1187,SI_Battery,2050,3,1,8,-0.9000875000000002,0.0,0.0
1188,SI_Battery,2050,3,9,16,-0.7556037303664923,-0.14448376963350784,0.0
1189,SI_Battery,2050,3,17,24,-0.9000875000000002,0.0,0.0
1190,SI_Battery,2050,4,1,8,-0.7017508378259293,0.0,0.0
1191,SI_Battery,2050,4,9,16,-0.0,-0.7017508378259293,0.0
1192,SI_Battery,2050,4,17,24,-0.7017508378259293,-0.0,0.0
1193,SI_Battery,2050,5,1,8,-1.551875,0.0,0.0
1194,SI_Battery,2050,5,9,16,-0.0,-1.6002815438546476,0.0
1195,SI_Battery,2050,5,17,24,-1.6002815438546476,0.0,0.0
1196,SI_Battery,2050,6,1,8,-0.197685,0.0,0.0
1197,SI_Battery,2050,6,9,16,-0.0,-0.197685,0.0
1198,SI_Battery,2050,6,17,24,-0.197685,0.0,0.0
1199,SI_Battery,2050,7,1,8,-1.1483875000000001,0.0,0.0
1200,SI_Battery,2050,7,9,16,-0.0,-1.1483875000000003,0.0
1201,SI_Battery,2050,7,17,24,-1.1483875000000003,0.0,0.0
1202,SI_Battery,2050,8,1,8,-0.0,0.0,0.0
1203,SI_Battery,2050,8,9,16,-0.0,-0.0,0.0
1204,SI_Battery,2050,8,17,24,-0.0,-0.0,0.0
1205,SI_Battery,2050,9,1,8,-1.3346125,0.0,0.0
1206,SI_Battery,2050,9,9,16,-0.0,-1.3346125,0.0
1207,SI_Battery,2050,9,17,24,-1.3346125,0.0,0.0
1208,SI_Battery,2050,10,1,8,-1.5654450261780088,0.0,0.0
1209,SI_Battery,2050,10,9,16,-0.0,-1.5654450261780088,0.0
1210,SI_Battery,2050,10,17,24,-1.5654450261780088,0.0,0.0
1211,SK_Battery,2050,1,1,8,-1.6449875000000003,0.0,0.0
1212,SK_Battery,2050,1,9,16,-1.6449875000000003,0.0,0.0
1213,SK_Battery,2050,1,17,24,-1.6449875000000003,0.0,0.0
1214,SK_Battery,2050,2,1,8,-0.724845,0.0,0.0
1215,SK_Battery,2050,2,9,16,-0.724845,0.0,0.0
1216,SK_Battery,2050,2,17,24,-0.724845,0.0,0.0
1217,SK_Battery,2050,3,1,8,-0.9000875000000002,0.0,0.0
1218,SK_Battery,2050,3,9,16,-0.9000875000000002,0.0,0.0
1219,SK_Battery,2050,3,17,24,-0.9000875000000002,0.0,0.0
1220,SK_Battery,2050,4,1,8,-0.7138625000000002,0.0,0.0
1221,SK_Battery,2050,4,9,16,-0.7138625000000002,0.0,0.0
1222,SK_Battery,2050,4,17,24,-0.7138625000000002,0.0,0.0
1223,SK_Battery,2050,5,1,8,-1.6139500000000002,0.0,0.0
1224,SK_Battery,2050,5,9,16,-1.6139500000000002,0.0,0.0
1225,SK_Battery,2050,5,17,24,-1.6139500000000002,0.0,0.0
1226,SK_Battery,2050,6,1,8,-0.558675,0.0,0.0
1227,SK_Battery,2050,6,9,16,-0.558675,0.0,0.0
1228,SK_Battery,2050,6,17,24,-0.558675,0.0,0.0
1229,SK_Battery,2050,7,1,8,-1.1483875000000001,0.0,0.0
1230,SK_Battery,2050,7,9,16,-1.1483875000000001,0.0,0.0
1231,SK_Battery,2050,7,17,24,-1.1483875000000001,0.0,0.0
1232,SK_Battery,2050,8,1,8,-0.8871431730888313,0.0,0.0
1233,SK_Battery,2050,8,9,16,-0.8871431730888313,0.0,0.0
1234,SK_Battery,2050,8,17,24,-0.8871431730888313,0.0,0.0
1235,SK_Battery,2050,9,1,8,-1.3346125,0.0,0.0
1236,SK_Battery,2050,9,9,16,-1.3346125,0.0,0.0
1237,SK_Battery,2050,9,17,24,-1.3346125,0.0,0.0
1238,SK_Battery,2050,10,1,8,-2.24197203086,0.0,0.0
1239,SK_Battery,2050,10,9,16,-2.24197203086,0.0,0.0
1240,SK_Battery,2050,10,17,24,-2.24197203086,0.0,0.0
1241,UK_Battery,2050,1,1,2,-0.0,0.0,0.0
1242,UK_Battery,2050,1,3,4,-0.0,0.0,0.0
1243,UK_Battery,2050,1,5,6,-0.0,0.0,0.0
1244,UK_Battery,2050,1,7,8,-0.0,-1.6449874999999996,0.0
1245,UK_Battery,2050,1,9,10,-1.6449874999999996,0.0,0.0
1246,UK_Battery,2050,1,11,12,-1.6449875000000003,0.0,0.0
1247,UK_Battery,2050,1,13,14,-0.0,0.0,0.0
1248,UK_Battery,2050,1,15,16,-0.0,0.0,0.0
1249,UK_Battery,2050,1,17,18,-0.0,0.0,0.0
1250,UK_Battery,2050,1,19,20,-0.0,0.0,0.0
1251,UK_Battery,2050,1,21,22,-0.0,0.0,0.0
1252,UK_Battery,2050,1,23,24,-0.0,0.0,0.0
1253,UK_Battery,2050,2,1,2,-0.0,0.0,0.0
1254,UK_Battery,2050,2,3,4,-0.0,0.0,0.0
1255,UK_Battery,2050,2,5,6,-0.0,0.0,0.0
1256,UK_Battery,2050,2,7,8,-0.0,-0.0,0.0
1257,UK_Battery,2050,2,9,10,-0.0,-1.0242375000000001,0.0
1258,UK_Battery,2050,2,11,12,-1.0242375000000001,0.0,0.0
1259,UK_Battery,2050,2,13,14,-1.0242375000000001,0.0,0.0
1260,UK_Battery,2050,2,15,16,-1.0242375000000001,-30.490762499999995,0.0
1261,UK_Battery,2050,2,17,18,-31.514999999999997,-0.0,0.0
1262,UK_Battery,2050,2,19,20,-31.514999999999997,0.0,0.0
1263,UK_Battery,2050,2,21,22,-0.0,0.0,0.0
1264,UK_Battery,2050,2,23,24,-0.0,0.0,0.0
1265,UK_Battery,2050,3,1,2,-0.0,0.0,0.0
1266,UK_Battery,2050,3,3,4,-0.0,0.0,0.0
1267,UK_Battery,2050,3,5,6,-0.0,0.0,0.0
1268,UK_Battery,2050,3,7,8,-0.0,0.0,0.0
1269,UK_Battery,2050,3,9,10,-0.0,0.0,0.0
1270,UK_Battery,2050,3,11,12,-0.0,0.0,0.0
1271,UK_Battery,2050,3,13,14,-0.0,0.0,0.0
1272,UK_Battery,2050,3,15,16,-0.0,0.0,0.0
1273,UK_Battery,2050,3,17,18,-0.0,0.0,0.0
1274,UK_Battery,2050,3,19,20,-0.0,0.0,0.0
1275,UK_Battery,2050,3,21,22,-0.0,0.0,0.0
1276,UK_Battery,2050,3,23,24,-0.0,0.0,0.0
1277,UK_Battery,2050,4,1,2,-0.0,0.0,0.0
1278,UK_Battery,2050,4,3,4,-0.0,0.0,0.0
1279,UK_Battery,2050,4,5,6,-0.0,0.0,0.0
1280,UK_Battery,2050,4,7,8,-0.0,0.0,0.0
1281,UK_Battery,2050,4,9,10,-0.0,0.0,0.0
1282,UK_Battery,2050,4,11,12,-0.0,0.0,0.0
1283,UK_Battery,2050,4,13,14,-0.0,0.0,0.0
1284,UK_Battery,2050,4,15,16,-0.0,0.0,0.0
1285,UK_Battery,2050,4,17,18,-0.0,0.0,0.0
1286,UK_Battery,2050,4,19,20,-0.0,0.0,0.0
1287,UK_Battery,2050,4,21,22,-0.0,0.0,0.0
1288,UK_Battery,2050,4,23,24,-0.0,0.0,0.0
1289,UK_Battery,2050,5,1,2,-0.0,0.0,0.0
1290,UK_Battery,2050,5,3,4,-0.0,0.0,0.0
1291,UK_Battery,2050,5,5,6,-0.0,0.0,0.0
1292,UK_Battery,2050,5,7,8,-0.0,0.0,0.0
1293,UK_Battery,2050,5,9,10,-0.0,0.0,0.0
1294,UK_Battery,2050,5,11,12,-0.0,0.0,0.0
1295,UK_Battery,2050,5,13,14,-0.0,0.0,0.0
1296,UK_Battery,2050,5,15,16,-0.0,0.0,0.0
1297,UK_Battery,2050,5,17,18,-0.0,0.0,0.0
1298,UK_Battery,2050,5,19,20,-0.0,0.0,0.0
1299,UK_Battery,2050,5,21,22,-0.0,0.0,0.0
1300,UK_Battery,2050,5,23,24,-0.0,0.0,0.0
1301,UK_Battery,2050,6,1,2,-0.0,0.0,0.0
1302,UK_Battery,2050,6,3,4,-0.0,0.0,0.0
1303,UK_Battery,2050,6,5,6,-0.0,0.0,0.0
1304,UK_Battery,2050,6,7,8,-0.0,-0.0,0.0
1305,UK_Battery,2050,6,9,10,-0.0,0.0,0.0
1306,UK_Battery,2050,6,11,12,-0.0,0.0,0.0
1307,UK_Battery,2050,6,13,14,-0.0,0.0,0.0
1308,UK_Battery,2050,6,15,16,-0.0,0.0,0.0
1309,UK_Battery,2050,6,17,18,-0.0,0.0,0.0
1310,UK_Battery,2050,6,19,20,-0.0,0.0,0.0
1311,UK_Battery,2050,6,21,22,-0.0,0.0,0.0
1312,UK_Battery,2050,6,23,24,-0.0,0.0,0.0
1313,UK_Battery,2050,7,1,2,-0.0,0.0,0.0
1314,UK_Battery,2050,7,3,4,-0.0,0.0,0.0
1315,UK_Battery,2050,7,5,6,-0.0,-1.148387500000002,0.0
1316,UK_Battery,2050,7,7,8,-1.148387500000002,-34.186612499999995,0.0
1317,UK_Battery,2050,7,9,10,-35.335,0.0,0.0
1318,UK_Battery,2050,7,11,12,-35.335,0.0,0.0
1319,UK_Battery,2050,7,13,14,-35.335,-0.0,0.0
1320,UK_Battery,2050,7,15,16,-35.335,0.0,0.0
1321,UK_Battery,2050,7,17,18,-35.335,-3.4084554973821994,0.0
1322,UK_Battery,2050,7,19,20,-38.7434554973822,0.0,0.0
1323,UK_Battery,2050,7,21,22,-1.1483875000000001,0.0,0.0
1324,UK_Battery,2050,7,23,24,-0.0,0.0,0.0
1325,UK_Battery,2050,8,1,2,-0.0,0.0,0.0
1326,UK_Battery,2050,8,3,4,-0.0,0.0,0.0
1327,UK_Battery,2050,8,5,6,-0.0,0.0,0.0
1328,UK_Battery,2050,8,7,8,-0.0,0.0,0.0
1329,UK_Battery,2050,8,9,10,-0.0,0.0,0.0
1330,UK_Battery,2050,8,11,12,-0.0,0.0,0.0
1331,UK_Battery,2050,8,13,14,-0.0,0.0,0.0
1332,UK_Battery,2050,8,15,16,-0.0,0.0,0.0
1333,UK_Battery,2050,8,17,18,-0.0,0.0,0.0
1334,UK_Battery,2050,8,19,20,-0.0,0.0,0.0
1335,UK_Battery,2050,8,21,22,-0.0,0.0,0.0
1336,UK_Battery,2050,8,23,24,-0.0,0.0,0.0
1337,UK_Battery,2050,9,1,2,-0.0,0.0,0.0
1338,UK_Battery,2050,9,3,4,-0.0,0.0,0.0
1339,UK_Battery,2050,9,5,6,-0.0,0.0,0.0
1340,UK_Battery,2050,9,7,8,-0.0,0.0,0.0
1341,UK_Battery,2050,9,9,10,-0.0,0.0,0.0
1342,UK_Battery,2050,9,11,12,-0.0,0.0,0.0
1343,UK_Battery,2050,9,13,14,-0.0,0.0,0.0
1344,UK_Battery,2050,9,15,16,-0.0,0.0,0.0
1345,UK_Battery,2050,9,17,18,-0.0,0.0,0.0
1346,UK_Battery,2050,9,19,20,-0.0,0.0,0.0
1347,UK_Battery,2050,9,21,22,-0.0,0.0,0.0
1348,UK_Battery,2050,9,23,24,-0.0,0.0,0.0
1349,UK_Battery,2050,10,1,2,-0.0,0.0,0.0
1350,UK_Battery,2050,10,3,4,-0.0,0.0,0.0
1351,UK_Battery,2050,10,5,6,-0.0,-1.4277250000000024,0.0
1352,UK_Battery,2050,10,7,8,-1.4277250000000024,-42.502275,0.0
1353,UK_Battery,2050,10,9,10,-43.93,0.0,0.0
1354,UK_Battery,2050,10,11,12,-43.93,-0.0,0.0
1355,UK_Battery,2050,10,13,14,-43.93,0.0,0.0
1356,UK_Battery,2050,10,15,16,-43.93,0.0,0.0
1357,UK_Battery,2050,10,17,18,-43.93,0.0,0.0
1358,UK_Battery,2050,10,19,20,-43.93,0.0,0.0
1359,UK_Battery,2050,10,21,22,-1.4277250000000004,0.0,0.0
1360,UK_Battery,2050,10,23,24,-0.0,0.0,0.0
