id,asset,year,rep_period,time_block_start,time_block_end,dual_balance_consumer
1,AT_E_Demand,2030,1,1,5,6.852214491301703
2,AT_E_Demand,2030,1,6,10,8.745000000000001
3,AT_E_Demand,2030,1,11,15,4.6905
4,AT_E_Demand,2030,1,16,24,8.745000000000001
5,AT_E_Demand,2030,2,1,5,0.0
6,AT_E_Demand,2030,2,6,10,0.0
7,AT_E_Demand,2030,2,11,15,0.0
8,AT_E_Demand,2030,2,16,24,1.0583671509659225
9,AT_E_Demand,2030,3,1,5,2.5665
10,AT_E_Demand,2030,3,6,10,7.395
11,AT_E_Demand,2030,3,11,15,12.87946909195276
12,AT_E_Demand,2030,3,16,24,25.80927874412307
13,AT_E_Demand,2030,4,1,5,2.0355
14,AT_E_Demand,2030,4,6,10,3.6913580272076953
15,AT_E_Demand,2030,4,11,15,2.0355
16,AT_E_Demand,2030,4,16,24,3.7950000000000004
17,AT_E_Demand,2030,5,1,5,0.0
18,AT_E_Demand,2030,5,6,10,0.0
19,AT_E_Demand,2030,5,11,15,1.6098876162889777
20,AT_E_Demand,2030,5,16,24,0.0
21,AT_E_Demand,2030,6,1,5,1.593
22,AT_E_Demand,2030,6,6,10,1.593
23,AT_E_Demand,2030,6,11,15,0.0
24,AT_E_Demand,2030,6,16,24,1.593
25,AT_E_Demand,2030,7,1,5,3.2745
26,AT_E_Demand,2030,7,6,10,3.2745
27,AT_E_Demand,2030,7,11,15,3.2745
28,AT_E_Demand,2030,7,16,24,6.105
29,AT_E_Demand,2030,8,1,5,5.082528856117447
30,AT_E_Demand,2030,8,6,10,2.7435
31,AT_E_Demand,2030,8,11,15,0.0
32,AT_E_Demand,2030,8,16,24,10.33026352499622
33,AT_E_Demand,2030,9,1,5,0.0
34,AT_E_Demand,2030,9,6,10,3.8055
35,AT_E_Demand,2030,9,11,15,3.1151501849168572
36,AT_E_Demand,2030,9,16,24,3.8055
37,AT_E_Demand,2030,10,1,5,4.071
38,AT_E_Demand,2030,10,6,10,7.590000000000001
39,AT_E_Demand,2030,10,11,15,7.590000000000001
40,AT_E_Demand,2030,10,16,24,11.729999999999999
41,BE_E_Demand,2030,1,1,5,6.852214491301703
42,BE_E_Demand,2030,1,6,10,8.745000000000001
43,BE_E_Demand,2030,1,11,15,7.325337616090948
44,BE_E_Demand,2030,1,16,24,8.745000000000001
45,BE_E_Demand,2030,2,1,5,0.0
46,BE_E_Demand,2030,2,6,10,2.9205000000000005
47,BE_E_Demand,2030,2,11,15,2.9205
48,BE_E_Demand,2030,2,16,24,2.9205
49,BE_E_Demand,2030,3,1,5,0.0
50,BE_E_Demand,2030,3,6,10,0.0
51,BE_E_Demand,2030,3,11,15,0.0
52,BE_E_Demand,2030,3,16,24,0.0
53,BE_E_Demand,2030,4,1,5,2.0355
54,BE_E_Demand,2030,4,6,10,2.0355
55,BE_E_Demand,2030,4,11,15,2.0355
56,BE_E_Demand,2030,4,16,24,3.7950000000000004
57,BE_E_Demand,2030,5,1,5,0.0
58,BE_E_Demand,2030,5,6,10,0.0
59,BE_E_Demand,2030,5,11,15,0.0
60,BE_E_Demand,2030,5,16,24,0.0
61,BE_E_Demand,2030,6,1,5,1.593
62,BE_E_Demand,2030,6,6,10,1.593
63,BE_E_Demand,2030,6,11,15,1.5498216565941374
64,BE_E_Demand,2030,6,16,24,1.593
65,BE_E_Demand,2030,7,1,5,3.2745
66,BE_E_Demand,2030,7,6,10,6.105
67,BE_E_Demand,2030,7,11,15,6.105
68,BE_E_Demand,2030,7,16,24,6.3594963699399685
69,BE_E_Demand,2030,8,1,5,0.0
70,BE_E_Demand,2030,8,6,10,0.0
71,BE_E_Demand,2030,8,11,15,0.0
72,BE_E_Demand,2030,8,16,24,0.0
73,BE_E_Demand,2030,9,1,5,0.0
74,BE_E_Demand,2030,9,6,10,0.0
75,BE_E_Demand,2030,9,11,15,0.0
76,BE_E_Demand,2030,9,16,24,3.8055
77,BE_E_Demand,2030,10,1,5,4.071
78,BE_E_Demand,2030,10,6,10,20.256611351273563
79,BE_E_Demand,2030,10,11,15,27.26221227448781
80,BE_E_Demand,2030,10,16,24,11.729999999999999
81,BG_E_Demand,2030,1,1,5,6.852214491301703
82,BG_E_Demand,2030,1,6,10,8.745000000000001
83,BG_E_Demand,2030,1,11,15,4.6905
84,BG_E_Demand,2030,1,16,24,8.745000000000001
85,BG_E_Demand,2030,2,1,5,0.0
86,BG_E_Demand,2030,2,6,10,0.0
87,BG_E_Demand,2030,2,11,15,0.0
88,BG_E_Demand,2030,2,16,24,0.0
89,BG_E_Demand,2030,3,1,5,2.5665
90,BG_E_Demand,2030,3,6,10,7.395
91,BG_E_Demand,2030,3,11,15,12.87946909195276
92,BG_E_Demand,2030,3,16,24,25.80927874412307
93,BG_E_Demand,2030,4,1,5,2.0355
94,BG_E_Demand,2030,4,6,10,2.0355
95,BG_E_Demand,2030,4,11,15,0.0
96,BG_E_Demand,2030,4,16,24,3.7950000000000004
97,BG_E_Demand,2030,5,1,5,2.0583719701208922
98,BG_E_Demand,2030,5,6,10,4.602
99,BG_E_Demand,2030,5,11,15,1.6098876162889777
100,BG_E_Demand,2030,5,16,24,4.602
101,BG_E_Demand,2030,6,1,5,1.593
102,BG_E_Demand,2030,6,6,10,1.593
103,BG_E_Demand,2030,6,11,15,0.0
104,BG_E_Demand,2030,6,16,24,6.584529218424533
105,BG_E_Demand,2030,7,1,5,3.2745
106,BG_E_Demand,2030,7,6,10,3.2745
107,BG_E_Demand,2030,7,11,15,0.2201608722927091
108,BG_E_Demand,2030,7,16,24,6.105
109,BG_E_Demand,2030,8,1,5,5.082528856117447
110,BG_E_Demand,2030,8,6,10,2.7435
111,BG_E_Demand,2030,8,11,15,0.0
112,BG_E_Demand,2030,8,16,24,14.026449251333606
113,BG_E_Demand,2030,9,1,5,3.8055
114,BG_E_Demand,2030,9,6,10,3.8055
115,BG_E_Demand,2030,9,11,15,3.8055
116,BG_E_Demand,2030,9,16,24,3.8055
117,BG_E_Demand,2030,10,1,5,4.071
118,BG_E_Demand,2030,10,6,10,7.590000000000001
119,BG_E_Demand,2030,10,11,15,4.071
120,BG_E_Demand,2030,10,16,24,11.729999999999999
121,CH_E_Demand,2030,1,1,5,6.852214491301703
122,CH_E_Demand,2030,1,6,10,8.745000000000001
123,CH_E_Demand,2030,1,11,15,4.6905
124,CH_E_Demand,2030,1,16,24,8.745000000000001
125,CH_E_Demand,2030,2,1,5,2.9205
126,CH_E_Demand,2030,2,6,10,2.9205000000000005
127,CH_E_Demand,2030,2,11,15,2.9205
128,CH_E_Demand,2030,2,16,24,2.9205
129,CH_E_Demand,2030,3,1,5,2.5665
130,CH_E_Demand,2030,3,6,10,7.395
131,CH_E_Demand,2030,3,11,15,2.5665
132,CH_E_Demand,2030,3,16,24,25.80927874412307
133,CH_E_Demand,2030,4,1,5,2.0355
134,CH_E_Demand,2030,4,6,10,5.864999999999999
135,CH_E_Demand,2030,4,11,15,2.0355
136,CH_E_Demand,2030,4,16,24,3.7950000000000004
137,CH_E_Demand,2030,5,1,5,4.602
138,CH_E_Demand,2030,5,6,10,4.602
139,CH_E_Demand,2030,5,11,15,1.6098876162889777
140,CH_E_Demand,2030,5,16,24,4.602
141,CH_E_Demand,2030,6,1,5,1.593
142,CH_E_Demand,2030,6,6,10,1.593
143,CH_E_Demand,2030,6,11,15,1.5498216565941374
144,CH_E_Demand,2030,6,16,24,1.593
145,CH_E_Demand,2030,7,1,5,3.2745
146,CH_E_Demand,2030,7,6,10,6.105
147,CH_E_Demand,2030,7,11,15,3.2745
148,CH_E_Demand,2030,7,16,24,6.105
149,CH_E_Demand,2030,8,1,5,5.082528856117447
150,CH_E_Demand,2030,8,6,10,2.7435
151,CH_E_Demand,2030,8,11,15,0.0
152,CH_E_Demand,2030,8,16,24,14.026449251333606
153,CH_E_Demand,2030,9,1,5,3.8055
154,CH_E_Demand,2030,9,6,10,3.8055
155,CH_E_Demand,2030,9,11,15,3.1151501849168572
156,CH_E_Demand,2030,9,16,24,3.8055
157,CH_E_Demand,2030,10,1,5,4.071
158,CH_E_Demand,2030,10,6,10,7.590000000000001
159,CH_E_Demand,2030,10,11,15,5.158666494644349
160,CH_E_Demand,2030,10,16,24,11.729999999999999
161,CY_E_Demand,2030,1,1,5,6.852214491301703
162,CY_E_Demand,2030,1,6,10,8.745000000000001
163,CY_E_Demand,2030,1,11,15,4.6905
164,CY_E_Demand,2030,1,16,24,8.745000000000001
165,CY_E_Demand,2030,2,1,5,2.9205
166,CY_E_Demand,2030,2,6,10,2.5945960916471833
167,CY_E_Demand,2030,2,11,15,0.0
168,CY_E_Demand,2030,2,16,24,2.9205000000000005
169,CY_E_Demand,2030,3,1,5,2.5665
170,CY_E_Demand,2030,3,6,10,7.395
171,CY_E_Demand,2030,3,11,15,9.696820755610585
172,CY_E_Demand,2030,3,16,24,25.80927874412307
173,CY_E_Demand,2030,4,1,5,2.0355
174,CY_E_Demand,2030,4,6,10,2.0355
175,CY_E_Demand,2030,4,11,15,0.0
176,CY_E_Demand,2030,4,16,24,3.7950000000000004
177,CY_E_Demand,2030,5,1,5,4.602
178,CY_E_Demand,2030,5,6,10,4.602
179,CY_E_Demand,2030,5,11,15,1.6098876162889777
180,CY_E_Demand,2030,5,16,24,4.602
181,CY_E_Demand,2030,6,1,5,1.593
182,CY_E_Demand,2030,6,6,10,1.593
183,CY_E_Demand,2030,6,11,15,0.0
184,CY_E_Demand,2030,6,16,24,6.584529218424533
185,CY_E_Demand,2030,7,1,5,3.2745
186,CY_E_Demand,2030,7,6,10,3.2745
187,CY_E_Demand,2030,7,11,15,0.2201608722927091
188,CY_E_Demand,2030,7,16,24,6.105
189,CY_E_Demand,2030,8,1,5,5.082528856117447
190,CY_E_Demand,2030,8,6,10,2.7435
191,CY_E_Demand,2030,8,11,15,0.0
192,CY_E_Demand,2030,8,16,24,14.026449251333606
193,CY_E_Demand,2030,9,1,5,3.8055
194,CY_E_Demand,2030,9,6,10,3.8055
195,CY_E_Demand,2030,9,11,15,0.0
196,CY_E_Demand,2030,9,16,24,3.8055
197,CY_E_Demand,2030,10,1,5,4.071
198,CY_E_Demand,2030,10,6,10,7.590000000000001
199,CY_E_Demand,2030,10,11,15,4.071
200,CY_E_Demand,2030,10,16,24,11.729999999999999
201,CZ_E_Demand,2030,1,1,5,6.852214491301703
202,CZ_E_Demand,2030,1,6,10,8.745000000000001
203,CZ_E_Demand,2030,1,11,15,4.6905
204,CZ_E_Demand,2030,1,16,24,8.745000000000001
205,CZ_E_Demand,2030,2,1,5,0.0
206,CZ_E_Demand,2030,2,6,10,0.0
207,CZ_E_Demand,2030,2,11,15,2.0685118475311417
208,CZ_E_Demand,2030,2,16,24,2.9205
209,CZ_E_Demand,2030,3,1,5,2.5665
210,CZ_E_Demand,2030,3,6,10,2.5665
211,CZ_E_Demand,2030,3,11,15,2.5665
212,CZ_E_Demand,2030,3,16,24,2.669012319534684
213,CZ_E_Demand,2030,4,1,5,2.0355
214,CZ_E_Demand,2030,4,6,10,3.7950000000000004
215,CZ_E_Demand,2030,4,11,15,2.0355
216,CZ_E_Demand,2030,4,16,24,3.7950000000000004
217,CZ_E_Demand,2030,5,1,5,0.0
218,CZ_E_Demand,2030,5,6,10,0.0
219,CZ_E_Demand,2030,5,11,15,0.0
220,CZ_E_Demand,2030,5,16,24,0.0
221,CZ_E_Demand,2030,6,1,5,1.593
222,CZ_E_Demand,2030,6,6,10,1.593
223,CZ_E_Demand,2030,6,11,15,1.5498216565941374
224,CZ_E_Demand,2030,6,16,24,1.593
225,CZ_E_Demand,2030,7,1,5,3.2745
226,CZ_E_Demand,2030,7,6,10,3.2745
227,CZ_E_Demand,2030,7,11,15,3.2745
228,CZ_E_Demand,2030,7,16,24,6.105
229,CZ_E_Demand,2030,8,1,5,5.082528856117447
230,CZ_E_Demand,2030,8,6,10,0.0
231,CZ_E_Demand,2030,8,11,15,0.0
232,CZ_E_Demand,2030,8,16,24,10.33026352499622
233,CZ_E_Demand,2030,9,1,5,0.0
234,CZ_E_Demand,2030,9,6,10,0.0
235,CZ_E_Demand,2030,9,11,15,0.0
236,CZ_E_Demand,2030,9,16,24,3.8055
237,CZ_E_Demand,2030,10,1,5,7.590000000000001
238,CZ_E_Demand,2030,10,6,10,20.256611351273563
239,CZ_E_Demand,2030,10,11,15,27.26221227448781
240,CZ_E_Demand,2030,10,16,24,11.729999999999999
241,DE_E_Demand,2030,1,1,5,6.852214491301703
242,DE_E_Demand,2030,1,6,10,8.745000000000001
243,DE_E_Demand,2030,1,11,15,4.6905
244,DE_E_Demand,2030,1,16,24,8.745000000000001
245,DE_E_Demand,2030,2,1,5,0.0
246,DE_E_Demand,2030,2,6,10,2.9205000000000005
247,DE_E_Demand,2030,2,11,15,2.9205
248,DE_E_Demand,2030,2,16,24,2.9205
249,DE_E_Demand,2030,3,1,5,0.0
250,DE_E_Demand,2030,3,6,10,2.5665
251,DE_E_Demand,2030,3,11,15,2.5665
252,DE_E_Demand,2030,3,16,24,2.669012319534684
253,DE_E_Demand,2030,4,1,5,2.0355
254,DE_E_Demand,2030,4,6,10,3.7950000000000004
255,DE_E_Demand,2030,4,11,15,2.0355
256,DE_E_Demand,2030,4,16,24,3.7950000000000004
257,DE_E_Demand,2030,5,1,5,0.0
258,DE_E_Demand,2030,5,6,10,0.0
259,DE_E_Demand,2030,5,11,15,0.0
260,DE_E_Demand,2030,5,16,24,0.0
261,DE_E_Demand,2030,6,1,5,1.593
262,DE_E_Demand,2030,6,6,10,1.593
263,DE_E_Demand,2030,6,11,15,1.5498216565941374
264,DE_E_Demand,2030,6,16,24,1.593
265,DE_E_Demand,2030,7,1,5,3.2745
266,DE_E_Demand,2030,7,6,10,6.105
267,DE_E_Demand,2030,7,11,15,3.2745
268,DE_E_Demand,2030,7,16,24,6.105
269,DE_E_Demand,2030,8,1,5,0.0
270,DE_E_Demand,2030,8,6,10,0.0
271,DE_E_Demand,2030,8,11,15,0.0
272,DE_E_Demand,2030,8,16,24,0.0
273,DE_E_Demand,2030,9,1,5,0.0
274,DE_E_Demand,2030,9,6,10,0.0
275,DE_E_Demand,2030,9,11,15,0.0
276,DE_E_Demand,2030,9,16,24,3.8055
277,DE_E_Demand,2030,10,1,5,7.590000000000001
278,DE_E_Demand,2030,10,6,10,28.93110256319164
279,DE_E_Demand,2030,10,11,15,27.26221227448781
280,DE_E_Demand,2030,10,16,24,11.729999999999999
281,DK_E_Demand,2030,1,1,5,6.852214491301703
282,DK_E_Demand,2030,1,6,10,8.745000000000001
283,DK_E_Demand,2030,1,11,15,10.164453706210928
284,DK_E_Demand,2030,1,16,24,8.745000000000001
285,DK_E_Demand,2030,2,1,5,0.0
286,DK_E_Demand,2030,2,6,10,0.0
287,DK_E_Demand,2030,2,11,15,2.9205
288,DK_E_Demand,2030,2,16,24,2.9205
289,DK_E_Demand,2030,3,1,5,0.0
290,DK_E_Demand,2030,3,6,10,0.0
291,DK_E_Demand,2030,3,11,15,0.0
292,DK_E_Demand,2030,3,16,24,0.0
293,DK_E_Demand,2030,4,1,5,2.0355
294,DK_E_Demand,2030,4,6,10,3.7950000000000004
295,DK_E_Demand,2030,4,11,15,2.0355
296,DK_E_Demand,2030,4,16,24,2.0355
297,DK_E_Demand,2030,5,1,5,0.0
298,DK_E_Demand,2030,5,6,10,0.0
299,DK_E_Demand,2030,5,11,15,0.0
300,DK_E_Demand,2030,5,16,24,0.0
301,DK_E_Demand,2030,6,1,5,1.593
302,DK_E_Demand,2030,6,6,10,1.593
303,DK_E_Demand,2030,6,11,15,1.5498216565941374
304,DK_E_Demand,2030,6,16,24,1.593
305,DK_E_Demand,2030,7,1,5,0.0
306,DK_E_Demand,2030,7,6,10,0.8979455213047842
307,DK_E_Demand,2030,7,11,15,3.2745
308,DK_E_Demand,2030,7,16,24,6.105
309,DK_E_Demand,2030,8,1,5,0.0
310,DK_E_Demand,2030,8,6,10,0.0
311,DK_E_Demand,2030,8,11,15,0.0
312,DK_E_Demand,2030,8,16,24,0.0
313,DK_E_Demand,2030,9,1,5,0.0
314,DK_E_Demand,2030,9,6,10,0.0
315,DK_E_Demand,2030,9,11,15,0.0
316,DK_E_Demand,2030,9,16,24,0.0
317,DK_E_Demand,2030,10,1,5,4.071
318,DK_E_Demand,2030,10,6,10,20.256611351273563
319,DK_E_Demand,2030,10,11,15,27.26221227448781
320,DK_E_Demand,2030,10,16,24,11.729999999999999
321,EE_E_Demand,2030,1,1,5,6.852214491301703
322,EE_E_Demand,2030,1,6,10,8.745000000000001
323,EE_E_Demand,2030,1,11,15,4.6905
324,EE_E_Demand,2030,1,16,24,8.745000000000001
325,EE_E_Demand,2030,2,1,5,0.0
326,EE_E_Demand,2030,2,6,10,0.0
327,EE_E_Demand,2030,2,11,15,2.9205
328,EE_E_Demand,2030,2,16,24,2.9205
329,EE_E_Demand,2030,3,1,5,0.0
330,EE_E_Demand,2030,3,6,10,0.0
331,EE_E_Demand,2030,3,11,15,0.0
332,EE_E_Demand,2030,3,16,24,0.0
333,EE_E_Demand,2030,4,1,5,2.0355
334,EE_E_Demand,2030,4,6,10,3.7950000000000004
335,EE_E_Demand,2030,4,11,15,2.0355
336,EE_E_Demand,2030,4,16,24,3.7950000000000004
337,EE_E_Demand,2030,5,1,5,0.0
338,EE_E_Demand,2030,5,6,10,0.0
339,EE_E_Demand,2030,5,11,15,0.0
340,EE_E_Demand,2030,5,16,24,0.0
341,EE_E_Demand,2030,6,1,5,1.593
342,EE_E_Demand,2030,6,6,10,1.593
343,EE_E_Demand,2030,6,11,15,1.5498216565941374
344,EE_E_Demand,2030,6,16,24,1.593
345,EE_E_Demand,2030,7,1,5,3.2745
346,EE_E_Demand,2030,7,6,10,0.8979455213047842
347,EE_E_Demand,2030,7,11,15,3.2745
348,EE_E_Demand,2030,7,16,24,3.2745
349,EE_E_Demand,2030,8,1,5,2.297805987548696
350,EE_E_Demand,2030,8,6,10,0.0
351,EE_E_Demand,2030,8,11,15,0.0
352,EE_E_Demand,2030,8,16,24,8.693805299845378
353,EE_E_Demand,2030,9,1,5,3.8055
354,EE_E_Demand,2030,9,6,10,12.239782728777607
355,EE_E_Demand,2030,9,11,15,3.8055
356,EE_E_Demand,2030,9,16,24,3.8055
357,EE_E_Demand,2030,10,1,5,4.071
358,EE_E_Demand,2030,10,6,10,7.590000000000001
359,EE_E_Demand,2030,10,11,15,27.26221227448781
360,EE_E_Demand,2030,10,16,24,10.01508624058878
361,ES_E_Demand,2030,1,1,5,6.852214491301703
362,ES_E_Demand,2030,1,6,10,29.161393603942273
363,ES_E_Demand,2030,1,11,15,4.6905
364,ES_E_Demand,2030,1,16,24,4.6905
365,ES_E_Demand,2030,2,1,5,0.0
366,ES_E_Demand,2030,2,6,10,17.45593059392663
367,ES_E_Demand,2030,2,11,15,0.0
368,ES_E_Demand,2030,2,16,24,2.9205
369,ES_E_Demand,2030,3,1,5,4.785
370,ES_E_Demand,2030,3,6,10,7.395
371,ES_E_Demand,2030,3,11,15,4.785
372,ES_E_Demand,2030,3,16,24,11.008430293364817
373,ES_E_Demand,2030,4,1,5,0.0
374,ES_E_Demand,2030,4,6,10,2.0355
375,ES_E_Demand,2030,4,11,15,0.0
376,ES_E_Demand,2030,4,16,24,0.0
377,ES_E_Demand,2030,5,1,5,4.602
378,ES_E_Demand,2030,5,6,10,13.26
379,ES_E_Demand,2030,5,11,15,4.602
380,ES_E_Demand,2030,5,16,24,8.58
381,ES_E_Demand,2030,6,1,5,0.0
382,ES_E_Demand,2030,6,6,10,1.593
383,ES_E_Demand,2030,6,11,15,0.0
384,ES_E_Demand,2030,6,16,24,0.0
385,ES_E_Demand,2030,7,1,5,3.2745
386,ES_E_Demand,2030,7,6,10,6.105
387,ES_E_Demand,2030,7,11,15,0.8720457659342129
388,ES_E_Demand,2030,7,16,24,3.2745
389,ES_E_Demand,2030,8,1,5,2.7435
390,ES_E_Demand,2030,8,6,10,2.7435
391,ES_E_Demand,2030,8,11,15,2.7435
392,ES_E_Demand,2030,8,16,24,2.7435
393,ES_E_Demand,2030,9,1,5,3.8055
394,ES_E_Demand,2030,9,6,10,7.095000000000001
395,ES_E_Demand,2030,9,11,15,3.8055
396,ES_E_Demand,2030,9,16,24,3.8055
397,ES_E_Demand,2030,10,1,5,4.071
398,ES_E_Demand,2030,10,6,10,4.071
399,ES_E_Demand,2030,10,11,15,0.0
400,ES_E_Demand,2030,10,16,24,4.071
401,FI_E_Demand,2030,1,1,5,6.852214491301703
402,FI_E_Demand,2030,1,6,10,13.514999999999999
403,FI_E_Demand,2030,1,11,15,14.479978401719475
404,FI_E_Demand,2030,1,16,24,13.514999999999999
405,FI_E_Demand,2030,2,1,5,0.0
406,FI_E_Demand,2030,2,6,10,0.0
407,FI_E_Demand,2030,2,11,15,2.9205
408,FI_E_Demand,2030,2,16,24,2.9205
409,FI_E_Demand,2030,3,1,5,0.0
410,FI_E_Demand,2030,3,6,10,0.0
411,FI_E_Demand,2030,3,11,15,0.0
412,FI_E_Demand,2030,3,16,24,0.0
413,FI_E_Demand,2030,4,1,5,1.3301348503916186
414,FI_E_Demand,2030,4,6,10,2.0355
415,FI_E_Demand,2030,4,11,15,2.0355
416,FI_E_Demand,2030,4,16,24,2.0355
417,FI_E_Demand,2030,5,1,5,0.0
418,FI_E_Demand,2030,5,6,10,0.0
419,FI_E_Demand,2030,5,11,15,0.0
420,FI_E_Demand,2030,5,16,24,0.0
421,FI_E_Demand,2030,6,1,5,1.593
422,FI_E_Demand,2030,6,6,10,1.593
423,FI_E_Demand,2030,6,11,15,1.5498216565941374
424,FI_E_Demand,2030,6,16,24,1.593
425,FI_E_Demand,2030,7,1,5,0.0
426,FI_E_Demand,2030,7,6,10,0.0
427,FI_E_Demand,2030,7,11,15,0.0
428,FI_E_Demand,2030,7,16,24,0.0
429,FI_E_Demand,2030,8,1,5,0.0
430,FI_E_Demand,2030,8,6,10,0.0
431,FI_E_Demand,2030,8,11,15,0.0
432,FI_E_Demand,2030,8,16,24,0.0
433,FI_E_Demand,2030,9,1,5,3.8055
434,FI_E_Demand,2030,9,6,10,12.239782728777607
435,FI_E_Demand,2030,9,11,15,3.8055
436,FI_E_Demand,2030,9,16,24,3.8055
437,FI_E_Demand,2030,10,1,5,4.071
438,FI_E_Demand,2030,10,6,10,7.590000000000001
439,FI_E_Demand,2030,10,11,15,27.26221227448781
440,FI_E_Demand,2030,10,16,24,7.590000000000001
441,FR_E_Demand,2030,1,1,5,6.852214491301703
442,FR_E_Demand,2030,1,6,10,8.745000000000001
443,FR_E_Demand,2030,1,11,15,7.325337616090948
444,FR_E_Demand,2030,1,16,24,8.745000000000001
445,FR_E_Demand,2030,2,1,5,0.0
446,FR_E_Demand,2030,2,6,10,0.0
447,FR_E_Demand,2030,2,11,15,0.0
448,FR_E_Demand,2030,2,16,24,2.9205
449,FR_E_Demand,2030,3,1,5,0.0
450,FR_E_Demand,2030,3,6,10,2.5665
451,FR_E_Demand,2030,3,11,15,0.0
452,FR_E_Demand,2030,3,16,24,11.008430293364817
453,FR_E_Demand,2030,4,1,5,0.0
454,FR_E_Demand,2030,4,6,10,2.0355
455,FR_E_Demand,2030,4,11,15,0.0
456,FR_E_Demand,2030,4,16,24,0.0
457,FR_E_Demand,2030,5,1,5,0.0
458,FR_E_Demand,2030,5,6,10,0.0
459,FR_E_Demand,2030,5,11,15,0.0
460,FR_E_Demand,2030,5,16,24,0.0
461,FR_E_Demand,2030,6,1,5,0.0
462,FR_E_Demand,2030,6,6,10,1.593
463,FR_E_Demand,2030,6,11,15,0.0
464,FR_E_Demand,2030,6,16,24,0.0
465,FR_E_Demand,2030,7,1,5,3.2745
466,FR_E_Demand,2030,7,6,10,6.105
467,FR_E_Demand,2030,7,11,15,9.434999999999999
468,FR_E_Demand,2030,7,16,24,19.442886466534393
469,FR_E_Demand,2030,8,1,5,0.0
470,FR_E_Demand,2030,8,6,10,0.0
471,FR_E_Demand,2030,8,11,15,0.0
472,FR_E_Demand,2030,8,16,24,0.0
473,FR_E_Demand,2030,9,1,5,0.0
474,FR_E_Demand,2030,9,6,10,0.0
475,FR_E_Demand,2030,9,11,15,0.0
476,FR_E_Demand,2030,9,16,24,3.8055
477,FR_E_Demand,2030,10,1,5,4.071
478,FR_E_Demand,2030,10,6,10,7.590000000000001
479,FR_E_Demand,2030,10,11,15,17.23216508016709
480,FR_E_Demand,2030,10,16,24,11.729999999999999
481,GR_E_Demand,2030,1,1,5,6.852214491301703
482,GR_E_Demand,2030,1,6,10,8.745000000000001
483,GR_E_Demand,2030,1,11,15,4.6905
484,GR_E_Demand,2030,1,16,24,8.745000000000001
485,GR_E_Demand,2030,2,1,5,2.9205
486,GR_E_Demand,2030,2,6,10,2.5945960916471833
487,GR_E_Demand,2030,2,11,15,0.0
488,GR_E_Demand,2030,2,16,24,2.9205000000000005
489,GR_E_Demand,2030,3,1,5,2.5665
490,GR_E_Demand,2030,3,6,10,7.395
491,GR_E_Demand,2030,3,11,15,9.696820755610585
492,GR_E_Demand,2030,3,16,24,25.80927874412307
493,GR_E_Demand,2030,4,1,5,2.0355
494,GR_E_Demand,2030,4,6,10,2.0355
495,GR_E_Demand,2030,4,11,15,0.0
496,GR_E_Demand,2030,4,16,24,3.7950000000000004
497,GR_E_Demand,2030,5,1,5,4.602
498,GR_E_Demand,2030,5,6,10,4.602
499,GR_E_Demand,2030,5,11,15,1.6098876162889777
500,GR_E_Demand,2030,5,16,24,4.602
501,GR_E_Demand,2030,6,1,5,1.593
502,GR_E_Demand,2030,6,6,10,1.593
503,GR_E_Demand,2030,6,11,15,0.0
504,GR_E_Demand,2030,6,16,24,6.584529218424533
505,GR_E_Demand,2030,7,1,5,3.2745
506,GR_E_Demand,2030,7,6,10,3.2745
507,GR_E_Demand,2030,7,11,15,0.2201608722927091
508,GR_E_Demand,2030,7,16,24,6.105
509,GR_E_Demand,2030,8,1,5,5.082528856117447
510,GR_E_Demand,2030,8,6,10,2.7435
511,GR_E_Demand,2030,8,11,15,0.0
512,GR_E_Demand,2030,8,16,24,14.026449251333606
513,GR_E_Demand,2030,9,1,5,3.8055
514,GR_E_Demand,2030,9,6,10,3.8055
515,GR_E_Demand,2030,9,11,15,3.8055
516,GR_E_Demand,2030,9,16,24,3.8055
517,GR_E_Demand,2030,10,1,5,4.071
518,GR_E_Demand,2030,10,6,10,7.590000000000001
519,GR_E_Demand,2030,10,11,15,4.071
520,GR_E_Demand,2030,10,16,24,11.729999999999999
521,HR_E_Demand,2030,1,1,5,6.852214491301703
522,HR_E_Demand,2030,1,6,10,8.745000000000001
523,HR_E_Demand,2030,1,11,15,4.6905
524,HR_E_Demand,2030,1,16,24,8.745000000000001
525,HR_E_Demand,2030,2,1,5,0.0
526,HR_E_Demand,2030,2,6,10,0.0
527,HR_E_Demand,2030,2,11,15,0.0
528,HR_E_Demand,2030,2,16,24,0.0
529,HR_E_Demand,2030,3,1,5,2.5665
530,HR_E_Demand,2030,3,6,10,7.395
531,HR_E_Demand,2030,3,11,15,12.87946909195276
532,HR_E_Demand,2030,3,16,24,25.80927874412307
533,HR_E_Demand,2030,4,1,5,2.0355
534,HR_E_Demand,2030,4,6,10,3.6913580272076953
535,HR_E_Demand,2030,4,11,15,2.0355
536,HR_E_Demand,2030,4,16,24,3.7950000000000004
537,HR_E_Demand,2030,5,1,5,2.0583719701208922
538,HR_E_Demand,2030,5,6,10,4.602
539,HR_E_Demand,2030,5,11,15,1.6098876162889777
540,HR_E_Demand,2030,5,16,24,4.602
541,HR_E_Demand,2030,6,1,5,1.593
542,HR_E_Demand,2030,6,6,10,1.593
543,HR_E_Demand,2030,6,11,15,0.0
544,HR_E_Demand,2030,6,16,24,1.593
545,HR_E_Demand,2030,7,1,5,3.2745
546,HR_E_Demand,2030,7,6,10,3.2745
547,HR_E_Demand,2030,7,11,15,3.2745
548,HR_E_Demand,2030,7,16,24,6.105
549,HR_E_Demand,2030,8,1,5,5.082528856117447
550,HR_E_Demand,2030,8,6,10,2.7435
551,HR_E_Demand,2030,8,11,15,0.0
552,HR_E_Demand,2030,8,16,24,10.33026352499622
553,HR_E_Demand,2030,9,1,5,3.8055
554,HR_E_Demand,2030,9,6,10,3.8055
555,HR_E_Demand,2030,9,11,15,3.8055
556,HR_E_Demand,2030,9,16,24,3.8055
557,HR_E_Demand,2030,10,1,5,4.071
558,HR_E_Demand,2030,10,6,10,7.590000000000001
559,HR_E_Demand,2030,10,11,15,7.590000000000001
560,HR_E_Demand,2030,10,16,24,11.729999999999999
561,HU_E_Demand,2030,1,1,5,6.852214491301703
562,HU_E_Demand,2030,1,6,10,8.745000000000001
563,HU_E_Demand,2030,1,11,15,4.6905
564,HU_E_Demand,2030,1,16,24,8.745000000000001
565,HU_E_Demand,2030,2,1,5,0.0
566,HU_E_Demand,2030,2,6,10,0.0
567,HU_E_Demand,2030,2,11,15,0.0
568,HU_E_Demand,2030,2,16,24,1.0583671509659225
569,HU_E_Demand,2030,3,1,5,2.5665
570,HU_E_Demand,2030,3,6,10,7.395
571,HU_E_Demand,2030,3,11,15,12.87946909195276
572,HU_E_Demand,2030,3,16,24,25.80927874412307
573,HU_E_Demand,2030,4,1,5,2.0355
574,HU_E_Demand,2030,4,6,10,3.6913580272076953
575,HU_E_Demand,2030,4,11,15,2.0355
576,HU_E_Demand,2030,4,16,24,3.7950000000000004
577,HU_E_Demand,2030,5,1,5,2.0583719701208922
578,HU_E_Demand,2030,5,6,10,4.602
579,HU_E_Demand,2030,5,11,15,1.6098876162889777
580,HU_E_Demand,2030,5,16,24,4.602
581,HU_E_Demand,2030,6,1,5,1.593
582,HU_E_Demand,2030,6,6,10,1.593
583,HU_E_Demand,2030,6,11,15,0.0
584,HU_E_Demand,2030,6,16,24,1.593
585,HU_E_Demand,2030,7,1,5,3.2745
586,HU_E_Demand,2030,7,6,10,3.2745
587,HU_E_Demand,2030,7,11,15,3.2745
588,HU_E_Demand,2030,7,16,24,6.105
589,HU_E_Demand,2030,8,1,5,5.082528856117447
590,HU_E_Demand,2030,8,6,10,2.7435
591,HU_E_Demand,2030,8,11,15,2.4513661371236655
592,HU_E_Demand,2030,8,16,24,10.33026352499622
593,HU_E_Demand,2030,9,1,5,3.8055
594,HU_E_Demand,2030,9,6,10,3.8055
595,HU_E_Demand,2030,9,11,15,3.8055
596,HU_E_Demand,2030,9,16,24,3.8055
597,HU_E_Demand,2030,10,1,5,4.071
598,HU_E_Demand,2030,10,6,10,7.590000000000001
599,HU_E_Demand,2030,10,11,15,7.590000000000001
600,HU_E_Demand,2030,10,16,24,11.729999999999999
601,IE_E_Demand,2030,1,1,5,0.0
602,IE_E_Demand,2030,1,6,10,8.745000000000001
603,IE_E_Demand,2030,1,11,15,7.325337616090948
604,IE_E_Demand,2030,1,16,24,0.0
605,IE_E_Demand,2030,2,1,5,0.0
606,IE_E_Demand,2030,2,6,10,0.0
607,IE_E_Demand,2030,2,11,15,0.0
608,IE_E_Demand,2030,2,16,24,2.9205
609,IE_E_Demand,2030,3,1,5,0.0
610,IE_E_Demand,2030,3,6,10,0.0
611,IE_E_Demand,2030,3,11,15,0.0
612,IE_E_Demand,2030,3,16,24,0.0
613,IE_E_Demand,2030,4,1,5,0.0
614,IE_E_Demand,2030,4,6,10,0.0
615,IE_E_Demand,2030,4,11,15,0.0
616,IE_E_Demand,2030,4,16,24,0.0
617,IE_E_Demand,2030,5,1,5,0.0
618,IE_E_Demand,2030,5,6,10,0.0
619,IE_E_Demand,2030,5,11,15,0.0
620,IE_E_Demand,2030,5,16,24,0.0
621,IE_E_Demand,2030,6,1,5,0.0
622,IE_E_Demand,2030,6,6,10,0.0
623,IE_E_Demand,2030,6,11,15,0.0
624,IE_E_Demand,2030,6,16,24,0.0
625,IE_E_Demand,2030,7,1,5,0.0
626,IE_E_Demand,2030,7,6,10,6.105
627,IE_E_Demand,2030,7,11,15,9.434999999999999
628,IE_E_Demand,2030,7,16,24,19.442886466534393
629,IE_E_Demand,2030,8,1,5,0.0
630,IE_E_Demand,2030,8,6,10,0.0
631,IE_E_Demand,2030,8,11,15,0.0
632,IE_E_Demand,2030,8,16,24,0.0
633,IE_E_Demand,2030,9,1,5,0.0
634,IE_E_Demand,2030,9,6,10,0.0
635,IE_E_Demand,2030,9,11,15,0.0
636,IE_E_Demand,2030,9,16,24,0.0
637,IE_E_Demand,2030,10,1,5,0.0
638,IE_E_Demand,2030,10,6,10,7.590000000000001
639,IE_E_Demand,2030,10,11,15,19.996114319624958
640,IE_E_Demand,2030,10,16,24,11.729999999999999
641,IT_E_Demand,2030,1,1,5,6.852214491301703
642,IT_E_Demand,2030,1,6,10,8.745000000000001
643,IT_E_Demand,2030,1,11,15,4.6905
644,IT_E_Demand,2030,1,16,24,8.745000000000001
645,IT_E_Demand,2030,2,1,5,2.9205
646,IT_E_Demand,2030,2,6,10,2.9205000000000005
647,IT_E_Demand,2030,2,11,15,2.9205
648,IT_E_Demand,2030,2,16,24,2.9205000000000005
649,IT_E_Demand,2030,3,1,5,2.5665
650,IT_E_Demand,2030,3,6,10,7.395
651,IT_E_Demand,2030,3,11,15,2.5665
652,IT_E_Demand,2030,3,16,24,25.80927874412307
653,IT_E_Demand,2030,4,1,5,2.0355
654,IT_E_Demand,2030,4,6,10,5.864999999999999
655,IT_E_Demand,2030,4,11,15,2.0355
656,IT_E_Demand,2030,4,16,24,3.7950000000000004
657,IT_E_Demand,2030,5,1,5,4.602
658,IT_E_Demand,2030,5,6,10,4.602
659,IT_E_Demand,2030,5,11,15,1.6098876162889777
660,IT_E_Demand,2030,5,16,24,4.602
661,IT_E_Demand,2030,6,1,5,1.593
662,IT_E_Demand,2030,6,6,10,1.593
663,IT_E_Demand,2030,6,11,15,0.0
664,IT_E_Demand,2030,6,16,24,1.593
665,IT_E_Demand,2030,7,1,5,3.2745
666,IT_E_Demand,2030,7,6,10,3.2745
667,IT_E_Demand,2030,7,11,15,3.2745
668,IT_E_Demand,2030,7,16,24,6.105
669,IT_E_Demand,2030,8,1,5,5.082528856117447
670,IT_E_Demand,2030,8,6,10,2.7435
671,IT_E_Demand,2030,8,11,15,0.0
672,IT_E_Demand,2030,8,16,24,14.026449251333606
673,IT_E_Demand,2030,9,1,5,3.8055
674,IT_E_Demand,2030,9,6,10,3.8055
675,IT_E_Demand,2030,9,11,15,3.1151501849168572
676,IT_E_Demand,2030,9,16,24,3.8055
677,IT_E_Demand,2030,10,1,5,4.071
678,IT_E_Demand,2030,10,6,10,7.590000000000001
679,IT_E_Demand,2030,10,11,15,4.071
680,IT_E_Demand,2030,10,16,24,11.729999999999999
681,LT_E_Demand,2030,1,1,5,6.852214491301703
682,LT_E_Demand,2030,1,6,10,8.745000000000001
683,LT_E_Demand,2030,1,11,15,4.6905
684,LT_E_Demand,2030,1,16,24,8.745000000000001
685,LT_E_Demand,2030,2,1,5,0.0
686,LT_E_Demand,2030,2,6,10,0.0
687,LT_E_Demand,2030,2,11,15,2.9205
688,LT_E_Demand,2030,2,16,24,2.9205
689,LT_E_Demand,2030,3,1,5,0.0
690,LT_E_Demand,2030,3,6,10,0.0
691,LT_E_Demand,2030,3,11,15,0.0
692,LT_E_Demand,2030,3,16,24,0.0
693,LT_E_Demand,2030,4,1,5,2.0355
694,LT_E_Demand,2030,4,6,10,3.7950000000000004
695,LT_E_Demand,2030,4,11,15,2.0355
696,LT_E_Demand,2030,4,16,24,3.7950000000000004
697,LT_E_Demand,2030,5,1,5,0.0
698,LT_E_Demand,2030,5,6,10,0.0
699,LT_E_Demand,2030,5,11,15,0.0
700,LT_E_Demand,2030,5,16,24,0.0
701,LT_E_Demand,2030,6,1,5,1.593
702,LT_E_Demand,2030,6,6,10,1.593
703,LT_E_Demand,2030,6,11,15,1.5498216565941374
704,LT_E_Demand,2030,6,16,24,1.593
705,LT_E_Demand,2030,7,1,5,3.2745
706,LT_E_Demand,2030,7,6,10,0.8979455213047842
707,LT_E_Demand,2030,7,11,15,3.2745
708,LT_E_Demand,2030,7,16,24,3.2745
709,LT_E_Demand,2030,8,1,5,2.297805987548696
710,LT_E_Demand,2030,8,6,10,0.0
711,LT_E_Demand,2030,8,11,15,0.0
712,LT_E_Demand,2030,8,16,24,8.693805299845378
713,LT_E_Demand,2030,9,1,5,0.0
714,LT_E_Demand,2030,9,6,10,1.203175167897725
715,LT_E_Demand,2030,9,11,15,3.8055
716,LT_E_Demand,2030,9,16,24,3.8055
717,LT_E_Demand,2030,10,1,5,4.071
718,LT_E_Demand,2030,10,6,10,20.256611351273563
719,LT_E_Demand,2030,10,11,15,27.26221227448781
720,LT_E_Demand,2030,10,16,24,11.729999999999999
721,LU_E_Demand,2030,1,1,5,6.852214491301703
722,LU_E_Demand,2030,1,6,10,8.745000000000001
723,LU_E_Demand,2030,1,11,15,5.941428518443235
724,LU_E_Demand,2030,1,16,24,8.745000000000001
725,LU_E_Demand,2030,2,1,5,0.0
726,LU_E_Demand,2030,2,6,10,2.9205000000000005
727,LU_E_Demand,2030,2,11,15,2.9205
728,LU_E_Demand,2030,2,16,24,2.9205
729,LU_E_Demand,2030,3,1,5,0.0
730,LU_E_Demand,2030,3,6,10,2.5665
731,LU_E_Demand,2030,3,11,15,0.0
732,LU_E_Demand,2030,3,16,24,2.669012319534684
733,LU_E_Demand,2030,4,1,5,2.0355
734,LU_E_Demand,2030,4,6,10,2.0355
735,LU_E_Demand,2030,4,11,15,2.0355
736,LU_E_Demand,2030,4,16,24,3.7950000000000004
737,LU_E_Demand,2030,5,1,5,0.0
738,LU_E_Demand,2030,5,6,10,0.0
739,LU_E_Demand,2030,5,11,15,0.0
740,LU_E_Demand,2030,5,16,24,0.0
741,LU_E_Demand,2030,6,1,5,1.593
742,LU_E_Demand,2030,6,6,10,1.593
743,LU_E_Demand,2030,6,11,15,1.5498216565941374
744,LU_E_Demand,2030,6,16,24,1.593
745,LU_E_Demand,2030,7,1,5,3.2745
746,LU_E_Demand,2030,7,6,10,6.105
747,LU_E_Demand,2030,7,11,15,6.105
748,LU_E_Demand,2030,7,16,24,6.3594963699399685
749,LU_E_Demand,2030,8,1,5,0.0
750,LU_E_Demand,2030,8,6,10,0.0
751,LU_E_Demand,2030,8,11,15,0.0
752,LU_E_Demand,2030,8,16,24,0.0
753,LU_E_Demand,2030,9,1,5,0.0
754,LU_E_Demand,2030,9,6,10,0.0
755,LU_E_Demand,2030,9,11,15,0.0
756,LU_E_Demand,2030,9,16,24,3.8055
757,LU_E_Demand,2030,10,1,5,4.071
758,LU_E_Demand,2030,10,6,10,20.256611351273563
759,LU_E_Demand,2030,10,11,15,27.26221227448781
760,LU_E_Demand,2030,10,16,24,11.729999999999999
761,LV_E_Demand,2030,1,1,5,6.852214491301703
762,LV_E_Demand,2030,1,6,10,8.745000000000001
763,LV_E_Demand,2030,1,11,15,4.6905
764,LV_E_Demand,2030,1,16,24,8.745000000000001
765,LV_E_Demand,2030,2,1,5,0.0
766,LV_E_Demand,2030,2,6,10,0.0
767,LV_E_Demand,2030,2,11,15,2.9205
768,LV_E_Demand,2030,2,16,24,2.9205
769,LV_E_Demand,2030,3,1,5,0.0
770,LV_E_Demand,2030,3,6,10,0.0
771,LV_E_Demand,2030,3,11,15,0.0
772,LV_E_Demand,2030,3,16,24,0.0
773,LV_E_Demand,2030,4,1,5,2.0355
774,LV_E_Demand,2030,4,6,10,3.7950000000000004
775,LV_E_Demand,2030,4,11,15,2.0355
776,LV_E_Demand,2030,4,16,24,3.7950000000000004
777,LV_E_Demand,2030,5,1,5,0.0
778,LV_E_Demand,2030,5,6,10,0.0
779,LV_E_Demand,2030,5,11,15,0.0
780,LV_E_Demand,2030,5,16,24,0.0
781,LV_E_Demand,2030,6,1,5,1.593
782,LV_E_Demand,2030,6,6,10,1.593
783,LV_E_Demand,2030,6,11,15,1.5498216565941374
784,LV_E_Demand,2030,6,16,24,1.593
785,LV_E_Demand,2030,7,1,5,3.2745
786,LV_E_Demand,2030,7,6,10,0.8979455213047842
787,LV_E_Demand,2030,7,11,15,3.2745
788,LV_E_Demand,2030,7,16,24,3.2745
789,LV_E_Demand,2030,8,1,5,2.297805987548696
790,LV_E_Demand,2030,8,6,10,0.0
791,LV_E_Demand,2030,8,11,15,0.0
792,LV_E_Demand,2030,8,16,24,8.693805299845378
793,LV_E_Demand,2030,9,1,5,3.8055
794,LV_E_Demand,2030,9,6,10,3.8055
795,LV_E_Demand,2030,9,11,15,3.8055
796,LV_E_Demand,2030,9,16,24,3.8055
797,LV_E_Demand,2030,10,1,5,4.071
798,LV_E_Demand,2030,10,6,10,7.590000000000001
799,LV_E_Demand,2030,10,11,15,27.26221227448781
800,LV_E_Demand,2030,10,16,24,10.01508624058878
801,MT_E_Demand,2030,1,1,5,6.852214491301703
802,MT_E_Demand,2030,1,6,10,8.745000000000001
803,MT_E_Demand,2030,1,11,15,3.6211316538681757
804,MT_E_Demand,2030,1,16,24,8.745000000000001
805,MT_E_Demand,2030,2,1,5,2.9205
806,MT_E_Demand,2030,2,6,10,2.9205000000000005
807,MT_E_Demand,2030,2,11,15,2.9205
808,MT_E_Demand,2030,2,16,24,2.9205000000000005
809,MT_E_Demand,2030,3,1,5,2.5665
810,MT_E_Demand,2030,3,6,10,7.395
811,MT_E_Demand,2030,3,11,15,2.5665
812,MT_E_Demand,2030,3,16,24,25.80927874412307
813,MT_E_Demand,2030,4,1,5,2.0355
814,MT_E_Demand,2030,4,6,10,5.864999999999999
815,MT_E_Demand,2030,4,11,15,2.0355
816,MT_E_Demand,2030,4,16,24,3.7950000000000004
817,MT_E_Demand,2030,5,1,5,4.602
818,MT_E_Demand,2030,5,6,10,4.602
819,MT_E_Demand,2030,5,11,15,1.6098876162889777
820,MT_E_Demand,2030,5,16,24,4.602
821,MT_E_Demand,2030,6,1,5,1.593
822,MT_E_Demand,2030,6,6,10,1.593
823,MT_E_Demand,2030,6,11,15,0.0
824,MT_E_Demand,2030,6,16,24,1.593
825,MT_E_Demand,2030,7,1,5,3.2745
826,MT_E_Demand,2030,7,6,10,3.2745
827,MT_E_Demand,2030,7,11,15,0.0
828,MT_E_Demand,2030,7,16,24,6.105
829,MT_E_Demand,2030,8,1,5,5.082528856117447
830,MT_E_Demand,2030,8,6,10,2.7435
831,MT_E_Demand,2030,8,11,15,0.0
832,MT_E_Demand,2030,8,16,24,14.026449251333606
833,MT_E_Demand,2030,9,1,5,3.8055
834,MT_E_Demand,2030,9,6,10,3.8055
835,MT_E_Demand,2030,9,11,15,0.0
836,MT_E_Demand,2030,9,16,24,3.8055
837,MT_E_Demand,2030,10,1,5,4.071
838,MT_E_Demand,2030,10,6,10,7.590000000000001
839,MT_E_Demand,2030,10,11,15,4.071
840,MT_E_Demand,2030,10,16,24,11.729999999999999
841,NL_E_Demand,2030,1,1,5,6.852214491301703
842,NL_E_Demand,2030,1,6,10,8.745000000000001
843,NL_E_Demand,2030,1,11,15,10.164453706210928
844,NL_E_Demand,2030,1,16,24,8.745000000000001
845,NL_E_Demand,2030,2,1,5,0.0
846,NL_E_Demand,2030,2,6,10,2.9205000000000005
847,NL_E_Demand,2030,2,11,15,2.9205
848,NL_E_Demand,2030,2,16,24,2.9205
849,NL_E_Demand,2030,3,1,5,0.0
850,NL_E_Demand,2030,3,6,10,0.0
851,NL_E_Demand,2030,3,11,15,0.0
852,NL_E_Demand,2030,3,16,24,0.0
853,NL_E_Demand,2030,4,1,5,2.0355
854,NL_E_Demand,2030,4,6,10,2.0355
855,NL_E_Demand,2030,4,11,15,2.0355
856,NL_E_Demand,2030,4,16,24,2.0355
857,NL_E_Demand,2030,5,1,5,0.0
858,NL_E_Demand,2030,5,6,10,0.0
859,NL_E_Demand,2030,5,11,15,0.0
860,NL_E_Demand,2030,5,16,24,0.0
861,NL_E_Demand,2030,6,1,5,1.593
862,NL_E_Demand,2030,6,6,10,1.593
863,NL_E_Demand,2030,6,11,15,1.5498216565941374
864,NL_E_Demand,2030,6,16,24,1.593
865,NL_E_Demand,2030,7,1,5,3.2745
866,NL_E_Demand,2030,7,6,10,6.105
867,NL_E_Demand,2030,7,11,15,6.105
868,NL_E_Demand,2030,7,16,24,6.105
869,NL_E_Demand,2030,8,1,5,0.0
870,NL_E_Demand,2030,8,6,10,0.0
871,NL_E_Demand,2030,8,11,15,0.0
872,NL_E_Demand,2030,8,16,24,0.0
873,NL_E_Demand,2030,9,1,5,0.0
874,NL_E_Demand,2030,9,6,10,0.0
875,NL_E_Demand,2030,9,11,15,0.0
876,NL_E_Demand,2030,9,16,24,3.8055
877,NL_E_Demand,2030,10,1,5,4.071
878,NL_E_Demand,2030,10,6,10,20.256611351273563
879,NL_E_Demand,2030,10,11,15,27.26221227448781
880,NL_E_Demand,2030,10,16,24,11.729999999999999
881,NO_E_Demand,2030,1,1,5,6.852214491301703
882,NO_E_Demand,2030,1,6,10,8.745000000000001
883,NO_E_Demand,2030,1,11,15,10.164453706210928
884,NO_E_Demand,2030,1,16,24,8.745000000000001
885,NO_E_Demand,2030,2,1,5,0.0
886,NO_E_Demand,2030,2,6,10,0.0
887,NO_E_Demand,2030,2,11,15,2.9205
888,NO_E_Demand,2030,2,16,24,0.17665843038462725
889,NO_E_Demand,2030,3,1,5,0.0
890,NO_E_Demand,2030,3,6,10,0.0
891,NO_E_Demand,2030,3,11,15,0.0
892,NO_E_Demand,2030,3,16,24,0.0
893,NO_E_Demand,2030,4,1,5,0.0
894,NO_E_Demand,2030,4,6,10,2.0355
895,NO_E_Demand,2030,4,11,15,2.0355
896,NO_E_Demand,2030,4,16,24,0.0
897,NO_E_Demand,2030,5,1,5,0.0
898,NO_E_Demand,2030,5,6,10,0.0
899,NO_E_Demand,2030,5,11,15,0.0
900,NO_E_Demand,2030,5,16,24,0.0
901,NO_E_Demand,2030,6,1,5,0.0
902,NO_E_Demand,2030,6,6,10,1.593
903,NO_E_Demand,2030,6,11,15,1.5498216565941374
904,NO_E_Demand,2030,6,16,24,1.593
905,NO_E_Demand,2030,7,1,5,0.0
906,NO_E_Demand,2030,7,6,10,0.0
907,NO_E_Demand,2030,7,11,15,0.0
908,NO_E_Demand,2030,7,16,24,0.0
909,NO_E_Demand,2030,8,1,5,0.0
910,NO_E_Demand,2030,8,6,10,0.0
911,NO_E_Demand,2030,8,11,15,0.0
912,NO_E_Demand,2030,8,16,24,0.0
913,NO_E_Demand,2030,9,1,5,0.0
914,NO_E_Demand,2030,9,6,10,0.0
915,NO_E_Demand,2030,9,11,15,0.0
916,NO_E_Demand,2030,9,16,24,0.0
917,NO_E_Demand,2030,10,1,5,4.071
918,NO_E_Demand,2030,10,6,10,20.256611351273563
919,NO_E_Demand,2030,10,11,15,27.26221227448781
920,NO_E_Demand,2030,10,16,24,11.729999999999999
921,PL_E_Demand,2030,1,1,5,6.852214491301703
922,PL_E_Demand,2030,1,6,10,8.745000000000001
923,PL_E_Demand,2030,1,11,15,4.6905
924,PL_E_Demand,2030,1,16,24,8.745000000000001
925,PL_E_Demand,2030,2,1,5,0.0
926,PL_E_Demand,2030,2,6,10,0.0
927,PL_E_Demand,2030,2,11,15,2.9205
928,PL_E_Demand,2030,2,16,24,2.9205
929,PL_E_Demand,2030,3,1,5,0.0
930,PL_E_Demand,2030,3,6,10,0.0
931,PL_E_Demand,2030,3,11,15,0.0
932,PL_E_Demand,2030,3,16,24,0.0
933,PL_E_Demand,2030,4,1,5,2.0355
934,PL_E_Demand,2030,4,6,10,3.7950000000000004
935,PL_E_Demand,2030,4,11,15,2.0355
936,PL_E_Demand,2030,4,16,24,3.7950000000000004
937,PL_E_Demand,2030,5,1,5,0.0
938,PL_E_Demand,2030,5,6,10,0.0
939,PL_E_Demand,2030,5,11,15,0.0
940,PL_E_Demand,2030,5,16,24,0.0
941,PL_E_Demand,2030,6,1,5,1.593
942,PL_E_Demand,2030,6,6,10,1.593
943,PL_E_Demand,2030,6,11,15,1.5498216565941374
944,PL_E_Demand,2030,6,16,24,1.593
945,PL_E_Demand,2030,7,1,5,3.2745
946,PL_E_Demand,2030,7,6,10,0.8979455213047842
947,PL_E_Demand,2030,7,11,15,3.2745
948,PL_E_Demand,2030,7,16,24,6.105
949,PL_E_Demand,2030,8,1,5,5.082528856117447
950,PL_E_Demand,2030,8,6,10,0.0
951,PL_E_Demand,2030,8,11,15,0.0
952,PL_E_Demand,2030,8,16,24,10.33026352499622
953,PL_E_Demand,2030,9,1,5,0.0
954,PL_E_Demand,2030,9,6,10,0.0
955,PL_E_Demand,2030,9,11,15,0.0
956,PL_E_Demand,2030,9,16,24,3.8055
957,PL_E_Demand,2030,10,1,5,7.590000000000001
958,PL_E_Demand,2030,10,6,10,20.256611351273563
959,PL_E_Demand,2030,10,11,15,27.26221227448781
960,PL_E_Demand,2030,10,16,24,11.729999999999999
961,PT_E_Demand,2030,1,1,5,6.852214491301703
962,PT_E_Demand,2030,1,6,10,29.161393603942273
963,PT_E_Demand,2030,1,11,15,4.6905
964,PT_E_Demand,2030,1,16,24,4.6905
965,PT_E_Demand,2030,2,1,5,0.0
966,PT_E_Demand,2030,2,6,10,17.45593059392663
967,PT_E_Demand,2030,2,11,15,0.0
968,PT_E_Demand,2030,2,16,24,5.479258740534396
969,PT_E_Demand,2030,3,1,5,4.785
970,PT_E_Demand,2030,3,6,10,7.395
971,PT_E_Demand,2030,3,11,15,4.785
972,PT_E_Demand,2030,3,16,24,11.008430293364817
973,PT_E_Demand,2030,4,1,5,0.0
974,PT_E_Demand,2030,4,6,10,0.0
975,PT_E_Demand,2030,4,11,15,0.0
976,PT_E_Demand,2030,4,16,24,0.0
977,PT_E_Demand,2030,5,1,5,4.602
978,PT_E_Demand,2030,5,6,10,13.26
979,PT_E_Demand,2030,5,11,15,4.602
980,PT_E_Demand,2030,5,16,24,8.58
981,PT_E_Demand,2030,6,1,5,0.0
982,PT_E_Demand,2030,6,6,10,1.593
983,PT_E_Demand,2030,6,11,15,0.0
984,PT_E_Demand,2030,6,16,24,0.0
985,PT_E_Demand,2030,7,1,5,3.2745
986,PT_E_Demand,2030,7,6,10,6.105
987,PT_E_Demand,2030,7,11,15,3.2745
988,PT_E_Demand,2030,7,16,24,3.2745
989,PT_E_Demand,2030,8,1,5,2.7435
990,PT_E_Demand,2030,8,6,10,2.7435
991,PT_E_Demand,2030,8,11,15,2.7435
992,PT_E_Demand,2030,8,16,24,2.7435
993,PT_E_Demand,2030,9,1,5,3.8055
994,PT_E_Demand,2030,9,6,10,7.095000000000001
995,PT_E_Demand,2030,9,11,15,3.8055
996,PT_E_Demand,2030,9,16,24,3.8055
997,PT_E_Demand,2030,10,1,5,0.0
998,PT_E_Demand,2030,10,6,10,0.5198587002894597
999,PT_E_Demand,2030,10,11,15,0.0
1000,PT_E_Demand,2030,10,16,24,4.071
1001,RO_E_Demand,2030,1,1,5,6.852214491301703
1002,RO_E_Demand,2030,1,6,10,8.745000000000001
1003,RO_E_Demand,2030,1,11,15,4.6905
1004,RO_E_Demand,2030,1,16,24,8.745000000000001
1005,RO_E_Demand,2030,2,1,5,0.0
1006,RO_E_Demand,2030,2,6,10,0.0
1007,RO_E_Demand,2030,2,11,15,0.0
1008,RO_E_Demand,2030,2,16,24,1.0583671509659225
1009,RO_E_Demand,2030,3,1,5,2.5665
1010,RO_E_Demand,2030,3,6,10,7.395
1011,RO_E_Demand,2030,3,11,15,12.87946909195276
1012,RO_E_Demand,2030,3,16,24,25.80927874412307
1013,RO_E_Demand,2030,4,1,5,2.0355
1014,RO_E_Demand,2030,4,6,10,2.0355
1015,RO_E_Demand,2030,4,11,15,2.0355
1016,RO_E_Demand,2030,4,16,24,3.7950000000000004
1017,RO_E_Demand,2030,5,1,5,2.0583719701208922
1018,RO_E_Demand,2030,5,6,10,4.602
1019,RO_E_Demand,2030,5,11,15,1.6098876162889777
1020,RO_E_Demand,2030,5,16,24,4.602
1021,RO_E_Demand,2030,6,1,5,1.593
1022,RO_E_Demand,2030,6,6,10,1.593
1023,RO_E_Demand,2030,6,11,15,0.0
1024,RO_E_Demand,2030,6,16,24,6.584529218424533
1025,RO_E_Demand,2030,7,1,5,3.2745
1026,RO_E_Demand,2030,7,6,10,3.2745
1027,RO_E_Demand,2030,7,11,15,1.7852108114144398
1028,RO_E_Demand,2030,7,16,24,6.105
1029,RO_E_Demand,2030,8,1,5,5.082528856117447
1030,RO_E_Demand,2030,8,6,10,2.7435
1031,RO_E_Demand,2030,8,11,15,2.4513661371236655
1032,RO_E_Demand,2030,8,16,24,10.33026352499622
1033,RO_E_Demand,2030,9,1,5,3.8055
1034,RO_E_Demand,2030,9,6,10,3.8055
1035,RO_E_Demand,2030,9,11,15,3.8055
1036,RO_E_Demand,2030,9,16,24,3.8055
1037,RO_E_Demand,2030,10,1,5,4.071
1038,RO_E_Demand,2030,10,6,10,7.590000000000001
1039,RO_E_Demand,2030,10,11,15,4.071
1040,RO_E_Demand,2030,10,16,24,11.729999999999999
1041,SE_E_Demand,2030,1,1,5,6.852214491301703
1042,SE_E_Demand,2030,1,6,10,8.745000000000001
1043,SE_E_Demand,2030,1,11,15,14.479978401719475
1044,SE_E_Demand,2030,1,16,24,8.745000000000001
1045,SE_E_Demand,2030,2,1,5,0.0
1046,SE_E_Demand,2030,2,6,10,0.0
1047,SE_E_Demand,2030,2,11,15,2.9205
1048,SE_E_Demand,2030,2,16,24,2.9205
1049,SE_E_Demand,2030,3,1,5,0.0
1050,SE_E_Demand,2030,3,6,10,0.0
1051,SE_E_Demand,2030,3,11,15,0.0
1052,SE_E_Demand,2030,3,16,24,0.0
1053,SE_E_Demand,2030,4,1,5,2.0355
1054,SE_E_Demand,2030,4,6,10,3.7950000000000004
1055,SE_E_Demand,2030,4,11,15,2.0355
1056,SE_E_Demand,2030,4,16,24,2.0355
1057,SE_E_Demand,2030,5,1,5,0.0
1058,SE_E_Demand,2030,5,6,10,0.0
1059,SE_E_Demand,2030,5,11,15,0.0
1060,SE_E_Demand,2030,5,16,24,0.0
1061,SE_E_Demand,2030,6,1,5,1.593
1062,SE_E_Demand,2030,6,6,10,1.593
1063,SE_E_Demand,2030,6,11,15,1.5498216565941374
1064,SE_E_Demand,2030,6,16,24,1.593
1065,SE_E_Demand,2030,7,1,5,0.0
1066,SE_E_Demand,2030,7,6,10,0.0
1067,SE_E_Demand,2030,7,11,15,3.2745
1068,SE_E_Demand,2030,7,16,24,0.0
1069,SE_E_Demand,2030,8,1,5,0.0
1070,SE_E_Demand,2030,8,6,10,0.0
1071,SE_E_Demand,2030,8,11,15,0.0
1072,SE_E_Demand,2030,8,16,24,0.0
1073,SE_E_Demand,2030,9,1,5,0.0
1074,SE_E_Demand,2030,9,6,10,1.203175167897725
1075,SE_E_Demand,2030,9,11,15,3.8055
1076,SE_E_Demand,2030,9,16,24,3.8055
1077,SE_E_Demand,2030,10,1,5,4.071
1078,SE_E_Demand,2030,10,6,10,20.256611351273563
1079,SE_E_Demand,2030,10,11,15,27.26221227448781
1080,SE_E_Demand,2030,10,16,24,11.729999999999999
1081,SI_E_Demand,2030,1,1,5,6.852214491301703
1082,SI_E_Demand,2030,1,6,10,8.745000000000001
1083,SI_E_Demand,2030,1,11,15,4.6905
1084,SI_E_Demand,2030,1,16,24,8.745000000000001
1085,SI_E_Demand,2030,2,1,5,0.0
1086,SI_E_Demand,2030,2,6,10,0.0
1087,SI_E_Demand,2030,2,11,15,0.0
1088,SI_E_Demand,2030,2,16,24,1.0583671509659225
1089,SI_E_Demand,2030,3,1,5,2.5665
1090,SI_E_Demand,2030,3,6,10,7.395
1091,SI_E_Demand,2030,3,11,15,12.87946909195276
1092,SI_E_Demand,2030,3,16,24,25.80927874412307
1093,SI_E_Demand,2030,4,1,5,2.0355
1094,SI_E_Demand,2030,4,6,10,3.6913580272076953
1095,SI_E_Demand,2030,4,11,15,2.0355
1096,SI_E_Demand,2030,4,16,24,3.7950000000000004
1097,SI_E_Demand,2030,5,1,5,2.0583719701208922
1098,SI_E_Demand,2030,5,6,10,4.602
1099,SI_E_Demand,2030,5,11,15,1.6098876162889777
1100,SI_E_Demand,2030,5,16,24,4.602
1101,SI_E_Demand,2030,6,1,5,1.593
1102,SI_E_Demand,2030,6,6,10,1.593
1103,SI_E_Demand,2030,6,11,15,0.0
1104,SI_E_Demand,2030,6,16,24,1.593
1105,SI_E_Demand,2030,7,1,5,3.2745
1106,SI_E_Demand,2030,7,6,10,3.2745
1107,SI_E_Demand,2030,7,11,15,3.2745
1108,SI_E_Demand,2030,7,16,24,6.105
1109,SI_E_Demand,2030,8,1,5,5.082528856117447
1110,SI_E_Demand,2030,8,6,10,2.7435
1111,SI_E_Demand,2030,8,11,15,0.0
1112,SI_E_Demand,2030,8,16,24,10.33026352499622
1113,SI_E_Demand,2030,9,1,5,3.8055
1114,SI_E_Demand,2030,9,6,10,3.8055
1115,SI_E_Demand,2030,9,11,15,3.1151501849168572
1116,SI_E_Demand,2030,9,16,24,3.8055
1117,SI_E_Demand,2030,10,1,5,4.071
1118,SI_E_Demand,2030,10,6,10,7.590000000000001
1119,SI_E_Demand,2030,10,11,15,7.590000000000001
1120,SI_E_Demand,2030,10,16,24,11.729999999999999
1121,SK_E_Demand,2030,1,1,5,6.852214491301703
1122,SK_E_Demand,2030,1,6,10,8.745000000000001
1123,SK_E_Demand,2030,1,11,15,4.6905
1124,SK_E_Demand,2030,1,16,24,8.745000000000001
1125,SK_E_Demand,2030,2,1,5,0.0
1126,SK_E_Demand,2030,2,6,10,0.0
1127,SK_E_Demand,2030,2,11,15,0.0
1128,SK_E_Demand,2030,2,16,24,1.8163190386256831
1129,SK_E_Demand,2030,3,1,5,2.5665
1130,SK_E_Demand,2030,3,6,10,2.5665
1131,SK_E_Demand,2030,3,11,15,2.5665
1132,SK_E_Demand,2030,3,16,24,2.669012319534684
1133,SK_E_Demand,2030,4,1,5,2.0355
1134,SK_E_Demand,2030,4,6,10,3.7950000000000004
1135,SK_E_Demand,2030,4,11,15,2.0355
1136,SK_E_Demand,2030,4,16,24,3.7950000000000004
1137,SK_E_Demand,2030,5,1,5,0.0
1138,SK_E_Demand,2030,5,6,10,0.0
1139,SK_E_Demand,2030,5,11,15,0.0
1140,SK_E_Demand,2030,5,16,24,0.0
1141,SK_E_Demand,2030,6,1,5,1.593
1142,SK_E_Demand,2030,6,6,10,1.593
1143,SK_E_Demand,2030,6,11,15,0.0
1144,SK_E_Demand,2030,6,16,24,1.593
1145,SK_E_Demand,2030,7,1,5,3.2745
1146,SK_E_Demand,2030,7,6,10,3.2745
1147,SK_E_Demand,2030,7,11,15,3.2745
1148,SK_E_Demand,2030,7,16,24,6.105
1149,SK_E_Demand,2030,8,1,5,5.082528856117447
1150,SK_E_Demand,2030,8,6,10,0.0
1151,SK_E_Demand,2030,8,11,15,0.0
1152,SK_E_Demand,2030,8,16,24,10.33026352499622
1153,SK_E_Demand,2030,9,1,5,0.0
1154,SK_E_Demand,2030,9,6,10,0.0
1155,SK_E_Demand,2030,9,11,15,0.0
1156,SK_E_Demand,2030,9,16,24,3.8055
1157,SK_E_Demand,2030,10,1,5,7.590000000000001
1158,SK_E_Demand,2030,10,6,10,20.256611351273563
1159,SK_E_Demand,2030,10,11,15,27.207989270439246
1160,SK_E_Demand,2030,10,16,24,11.729999999999999
1161,UK_E_Demand,2030,1,1,5,0.0
1162,UK_E_Demand,2030,1,6,10,8.745000000000001
1163,UK_E_Demand,2030,1,11,15,10.164453706210928
1164,UK_E_Demand,2030,1,16,24,0.0
1165,UK_E_Demand,2030,2,1,5,0.0
1166,UK_E_Demand,2030,2,6,10,0.0
1167,UK_E_Demand,2030,2,11,15,5.445
1168,UK_E_Demand,2030,2,16,24,2.9205
1169,UK_E_Demand,2030,3,1,5,0.0
1170,UK_E_Demand,2030,3,6,10,0.0
1171,UK_E_Demand,2030,3,11,15,0.0
1172,UK_E_Demand,2030,3,16,24,0.0
1173,UK_E_Demand,2030,4,1,5,0.0
1174,UK_E_Demand,2030,4,6,10,0.0
1175,UK_E_Demand,2030,4,11,15,0.0
1176,UK_E_Demand,2030,4,16,24,0.0
1177,UK_E_Demand,2030,5,1,5,0.0
1178,UK_E_Demand,2030,5,6,10,0.0
1179,UK_E_Demand,2030,5,11,15,0.0
1180,UK_E_Demand,2030,5,16,24,0.0
1181,UK_E_Demand,2030,6,1,5,0.0
1182,UK_E_Demand,2030,6,6,10,0.0
1183,UK_E_Demand,2030,6,11,15,1.5498216565941374
1184,UK_E_Demand,2030,6,16,24,0.0
1185,UK_E_Demand,2030,7,1,5,0.0
1186,UK_E_Demand,2030,7,6,10,6.105
1187,UK_E_Demand,2030,7,11,15,9.434999999999999
1188,UK_E_Demand,2030,7,16,24,19.442886466534393
1189,UK_E_Demand,2030,8,1,5,0.0
1190,UK_E_Demand,2030,8,6,10,0.0
1191,UK_E_Demand,2030,8,11,15,0.0
1192,UK_E_Demand,2030,8,16,24,0.0
1193,UK_E_Demand,2030,9,1,5,0.0
1194,UK_E_Demand,2030,9,6,10,0.0
1195,UK_E_Demand,2030,9,11,15,0.0
1196,UK_E_Demand,2030,9,16,24,0.0
1197,UK_E_Demand,2030,10,1,5,0.0
1198,UK_E_Demand,2030,10,6,10,7.590000000000001
1199,UK_E_Demand,2030,10,11,15,27.26221227448781
1200,UK_E_Demand,2030,10,16,24,11.729999999999999
