id,asset,year,rep_period,time_block_start,time_block_end,rn,dual_shut_down_lower_bound
1,AT_Gas,2050,1,7,12,2,0.0
2,AT_Gas,2050,1,13,18,3,0.0
3,AT_Gas,2050,1,19,24,4,0.0
4,AT_Gas,2050,2,1,6,5,0.0
5,AT_Gas,2050,2,7,12,6,0.0
6,AT_Gas,2050,2,13,18,7,0.0
7,AT_Gas,2050,2,19,24,8,0.0
8,AT_Gas,2050,3,1,6,9,0.0
9,AT_Gas,2050,3,7,12,10,0.0
10,AT_Gas,2050,3,13,18,11,0.0
11,AT_Gas,2050,3,19,24,12,0.0
12,AT_Gas,2050,4,1,6,13,0.0
13,AT_Gas,2050,4,7,12,14,0.0
14,AT_Gas,2050,4,13,18,15,0.0
15,AT_Gas,2050,4,19,24,16,0.0
16,AT_Gas,2050,5,1,6,17,0.0
17,AT_Gas,2050,5,7,12,18,0.0
18,AT_Gas,2050,5,13,18,19,0.0
19,AT_Gas,2050,5,19,24,20,0.0
20,AT_Gas,2050,6,1,6,21,0.0
21,AT_Gas,2050,6,7,12,22,0.0
22,AT_Gas,2050,6,13,18,23,0.0
23,AT_Gas,2050,6,19,24,24,0.0
24,AT_Gas,2050,7,1,6,25,0.0
25,AT_Gas,2050,7,7,12,26,0.0
26,AT_Gas,2050,7,13,18,27,0.0
27,AT_Gas,2050,7,19,24,28,0.0
28,AT_Gas,2050,8,1,6,29,0.0
29,AT_Gas,2050,8,7,12,30,0.0
30,AT_Gas,2050,8,13,18,31,0.0
31,AT_Gas,2050,8,19,24,32,0.0
32,AT_Gas,2050,9,1,6,33,0.0
33,AT_Gas,2050,9,7,12,34,0.0
34,AT_Gas,2050,9,13,18,35,0.0
35,AT_Gas,2050,9,19,24,36,0.0
36,AT_Gas,2050,10,1,6,37,0.0
37,AT_Gas,2050,10,7,12,38,0.0
38,AT_Gas,2050,10,13,18,39,0.0
39,AT_Gas,2050,10,19,24,40,0.0
40,BE_Gas,2050,1,7,12,2,0.0
41,BE_Gas,2050,1,13,18,3,0.0
42,BE_Gas,2050,1,19,24,4,0.0
43,BE_Gas,2050,2,1,6,5,0.0
44,BE_Gas,2050,2,7,12,6,0.0
45,BE_Gas,2050,2,13,18,7,0.0
46,BE_Gas,2050,2,19,24,8,0.0
47,BE_Gas,2050,3,1,6,9,0.0
48,BE_Gas,2050,3,7,12,10,0.0
49,BE_Gas,2050,3,13,18,11,0.0
50,BE_Gas,2050,3,19,24,12,0.0
51,BE_Gas,2050,4,1,6,13,0.0
52,BE_Gas,2050,4,7,12,14,0.0
53,BE_Gas,2050,4,13,18,15,0.0
54,BE_Gas,2050,4,19,24,16,0.0
55,BE_Gas,2050,5,1,6,17,0.0
56,BE_Gas,2050,5,7,12,18,0.0
57,BE_Gas,2050,5,13,18,19,0.0
58,BE_Gas,2050,5,19,24,20,0.0
59,BE_Gas,2050,6,1,6,21,0.0
60,BE_Gas,2050,6,7,12,22,0.0
61,BE_Gas,2050,6,13,18,23,0.0
62,BE_Gas,2050,6,19,24,24,0.0
63,BE_Gas,2050,7,1,6,25,0.0
64,BE_Gas,2050,7,7,12,26,0.0
65,BE_Gas,2050,7,13,18,27,0.0
66,BE_Gas,2050,7,19,24,28,0.0
67,BE_Gas,2050,8,1,6,29,0.0
68,BE_Gas,2050,8,7,12,30,0.0
69,BE_Gas,2050,8,13,18,31,0.0
70,BE_Gas,2050,8,19,24,32,0.0
71,BE_Gas,2050,9,1,6,33,0.0
72,BE_Gas,2050,9,7,12,34,0.0
73,BE_Gas,2050,9,13,18,35,0.0
74,BE_Gas,2050,9,19,24,36,0.0
75,BE_Gas,2050,10,1,6,37,0.0
76,BE_Gas,2050,10,7,12,38,0.0
77,BE_Gas,2050,10,13,18,39,0.0
78,BE_Gas,2050,10,19,24,40,0.0
79,BE_OCGT,2050,1,7,12,2,0.0
80,BE_OCGT,2050,1,13,18,3,0.0
81,BE_OCGT,2050,1,19,24,4,0.0
82,BE_OCGT,2050,2,1,6,5,0.0
83,BE_OCGT,2050,2,7,12,6,0.0
84,BE_OCGT,2050,2,13,18,7,0.0
85,BE_OCGT,2050,2,19,24,8,0.0
86,BE_OCGT,2050,3,1,6,9,0.0
87,BE_OCGT,2050,3,7,12,10,0.0
88,BE_OCGT,2050,3,13,18,11,0.0
89,BE_OCGT,2050,3,19,24,12,0.0
90,BE_OCGT,2050,4,1,6,13,0.0
91,BE_OCGT,2050,4,7,12,14,0.0
92,BE_OCGT,2050,4,13,18,15,0.0
93,BE_OCGT,2050,4,19,24,16,0.0
94,BE_OCGT,2050,5,1,6,17,0.0
95,BE_OCGT,2050,5,7,12,18,0.0
96,BE_OCGT,2050,5,13,18,19,0.0
97,BE_OCGT,2050,5,19,24,20,0.0
98,BE_OCGT,2050,6,1,6,21,0.0
99,BE_OCGT,2050,6,7,12,22,0.0
100,BE_OCGT,2050,6,13,18,23,0.0
101,BE_OCGT,2050,6,19,24,24,0.0
102,BE_OCGT,2050,7,1,6,25,0.0
103,BE_OCGT,2050,7,7,12,26,0.0
104,BE_OCGT,2050,7,13,18,27,0.0
105,BE_OCGT,2050,7,19,24,28,0.0
106,BE_OCGT,2050,8,1,6,29,0.0
107,BE_OCGT,2050,8,7,12,30,0.0
108,BE_OCGT,2050,8,13,18,31,0.0
109,BE_OCGT,2050,8,19,24,32,0.0
110,BE_OCGT,2050,9,1,6,33,0.0
111,BE_OCGT,2050,9,7,12,34,0.0
112,BE_OCGT,2050,9,13,18,35,0.0
113,BE_OCGT,2050,9,19,24,36,0.0
114,BE_OCGT,2050,10,1,6,37,0.0
115,BE_OCGT,2050,10,7,12,38,0.0
116,BE_OCGT,2050,10,13,18,39,0.0
117,BE_OCGT,2050,10,19,24,40,0.0
118,BG_Coal,2050,1,7,12,2,0.0
119,BG_Coal,2050,1,13,18,3,0.0
120,BG_Coal,2050,1,19,24,4,0.0
121,BG_Coal,2050,2,1,6,5,0.0
122,BG_Coal,2050,2,7,12,6,0.0
123,BG_Coal,2050,2,13,18,7,0.0
124,BG_Coal,2050,2,19,24,8,0.0
125,BG_Coal,2050,3,1,6,9,0.0
126,BG_Coal,2050,3,7,12,10,0.0
127,BG_Coal,2050,3,13,18,11,0.0
128,BG_Coal,2050,3,19,24,12,0.0
129,BG_Coal,2050,4,1,6,13,0.0
130,BG_Coal,2050,4,7,12,14,0.0
131,BG_Coal,2050,4,13,18,15,0.0
132,BG_Coal,2050,4,19,24,16,0.0
133,BG_Coal,2050,5,1,6,17,0.0
134,BG_Coal,2050,5,7,12,18,0.0
135,BG_Coal,2050,5,13,18,19,0.0
136,BG_Coal,2050,5,19,24,20,0.0
137,BG_Coal,2050,6,1,6,21,0.0
138,BG_Coal,2050,6,7,12,22,0.0
139,BG_Coal,2050,6,13,18,23,0.0
140,BG_Coal,2050,6,19,24,24,0.0
141,BG_Coal,2050,7,1,6,25,0.0
142,BG_Coal,2050,7,7,12,26,0.0
143,BG_Coal,2050,7,13,18,27,0.0
144,BG_Coal,2050,7,19,24,28,0.0
145,BG_Coal,2050,8,1,6,29,0.0
146,BG_Coal,2050,8,7,12,30,0.0
147,BG_Coal,2050,8,13,18,31,0.0
148,BG_Coal,2050,8,19,24,32,0.0
149,BG_Coal,2050,9,1,6,33,0.0
150,BG_Coal,2050,9,7,12,34,0.0
151,BG_Coal,2050,9,13,18,35,0.0
152,BG_Coal,2050,9,19,24,36,0.0
153,BG_Coal,2050,10,1,6,37,0.0
154,BG_Coal,2050,10,7,12,38,0.0
155,BG_Coal,2050,10,13,18,39,0.0
156,BG_Coal,2050,10,19,24,40,0.0
157,BG_Gas,2050,1,7,12,2,0.0
158,BG_Gas,2050,1,13,18,3,0.0
159,BG_Gas,2050,1,19,24,4,0.0
160,BG_Gas,2050,2,1,6,5,0.0
161,BG_Gas,2050,2,7,12,6,0.0
162,BG_Gas,2050,2,13,18,7,0.0
163,BG_Gas,2050,2,19,24,8,0.0
164,BG_Gas,2050,3,1,6,9,0.0
165,BG_Gas,2050,3,7,12,10,0.0
166,BG_Gas,2050,3,13,18,11,0.0
167,BG_Gas,2050,3,19,24,12,0.0
168,BG_Gas,2050,4,1,6,13,0.0
169,BG_Gas,2050,4,7,12,14,0.0
170,BG_Gas,2050,4,13,18,15,0.0
171,BG_Gas,2050,4,19,24,16,0.0
172,BG_Gas,2050,5,1,6,17,0.0
173,BG_Gas,2050,5,7,12,18,0.0
174,BG_Gas,2050,5,13,18,19,0.0
175,BG_Gas,2050,5,19,24,20,0.0
176,BG_Gas,2050,6,1,6,21,0.0
177,BG_Gas,2050,6,7,12,22,0.0
178,BG_Gas,2050,6,13,18,23,0.0
179,BG_Gas,2050,6,19,24,24,0.0
180,BG_Gas,2050,7,1,6,25,0.0
181,BG_Gas,2050,7,7,12,26,0.0
182,BG_Gas,2050,7,13,18,27,0.0
183,BG_Gas,2050,7,19,24,28,0.0
184,BG_Gas,2050,8,1,6,29,0.0
185,BG_Gas,2050,8,7,12,30,0.0
186,BG_Gas,2050,8,13,18,31,0.0
187,BG_Gas,2050,8,19,24,32,0.0
188,BG_Gas,2050,9,1,6,33,0.0
189,BG_Gas,2050,9,7,12,34,0.0
190,BG_Gas,2050,9,13,18,35,0.0
191,BG_Gas,2050,9,19,24,36,0.0
192,BG_Gas,2050,10,1,6,37,0.0
193,BG_Gas,2050,10,7,12,38,0.0
194,BG_Gas,2050,10,13,18,39,0.0
195,BG_Gas,2050,10,19,24,40,0.0
196,BG_Nuclear,2050,1,7,12,2,0.0
197,BG_Nuclear,2050,1,13,18,3,0.0
198,BG_Nuclear,2050,1,19,24,4,0.0
199,BG_Nuclear,2050,2,1,6,5,0.0
200,BG_Nuclear,2050,2,7,12,6,0.0
201,BG_Nuclear,2050,2,13,18,7,0.0
202,BG_Nuclear,2050,2,19,24,8,0.0
203,BG_Nuclear,2050,3,1,6,9,0.0
204,BG_Nuclear,2050,3,7,12,10,0.0
205,BG_Nuclear,2050,3,13,18,11,0.0
206,BG_Nuclear,2050,3,19,24,12,0.0
207,BG_Nuclear,2050,4,1,6,13,0.0
208,BG_Nuclear,2050,4,7,12,14,0.0
209,BG_Nuclear,2050,4,13,18,15,0.0
210,BG_Nuclear,2050,4,19,24,16,0.0
211,BG_Nuclear,2050,5,1,6,17,0.0
212,BG_Nuclear,2050,5,7,12,18,0.0
213,BG_Nuclear,2050,5,13,18,19,0.0
214,BG_Nuclear,2050,5,19,24,20,0.0
215,BG_Nuclear,2050,6,1,6,21,0.0
216,BG_Nuclear,2050,6,7,12,22,0.0
217,BG_Nuclear,2050,6,13,18,23,0.0
218,BG_Nuclear,2050,6,19,24,24,0.0
219,BG_Nuclear,2050,7,1,6,25,0.0
220,BG_Nuclear,2050,7,7,12,26,0.0
221,BG_Nuclear,2050,7,13,18,27,0.0
222,BG_Nuclear,2050,7,19,24,28,0.0
223,BG_Nuclear,2050,8,1,6,29,0.0
224,BG_Nuclear,2050,8,7,12,30,0.0
225,BG_Nuclear,2050,8,13,18,31,0.0
226,BG_Nuclear,2050,8,19,24,32,0.0
227,BG_Nuclear,2050,9,1,6,33,0.0
228,BG_Nuclear,2050,9,7,12,34,0.0
229,BG_Nuclear,2050,9,13,18,35,0.0
230,BG_Nuclear,2050,9,19,24,36,0.0
231,BG_Nuclear,2050,10,1,6,37,0.0
232,BG_Nuclear,2050,10,7,12,38,0.0
233,BG_Nuclear,2050,10,13,18,39,0.0
234,BG_Nuclear,2050,10,19,24,40,0.0
235,BG_OCGT,2050,1,7,12,2,0.0
236,BG_OCGT,2050,1,13,18,3,0.0
237,BG_OCGT,2050,1,19,24,4,0.0
238,BG_OCGT,2050,2,1,6,5,0.0
239,BG_OCGT,2050,2,7,12,6,0.0
240,BG_OCGT,2050,2,13,18,7,0.0
241,BG_OCGT,2050,2,19,24,8,0.0
242,BG_OCGT,2050,3,1,6,9,0.0
243,BG_OCGT,2050,3,7,12,10,0.0
244,BG_OCGT,2050,3,13,18,11,0.0
245,BG_OCGT,2050,3,19,24,12,0.0
246,BG_OCGT,2050,4,1,6,13,0.0
247,BG_OCGT,2050,4,7,12,14,0.0
248,BG_OCGT,2050,4,13,18,15,0.0
249,BG_OCGT,2050,4,19,24,16,0.0
250,BG_OCGT,2050,5,1,6,17,0.0
251,BG_OCGT,2050,5,7,12,18,0.0
252,BG_OCGT,2050,5,13,18,19,0.0
253,BG_OCGT,2050,5,19,24,20,0.0
254,BG_OCGT,2050,6,1,6,21,0.0
255,BG_OCGT,2050,6,7,12,22,0.0
256,BG_OCGT,2050,6,13,18,23,0.0
257,BG_OCGT,2050,6,19,24,24,0.0
258,BG_OCGT,2050,7,1,6,25,0.0
259,BG_OCGT,2050,7,7,12,26,0.0
260,BG_OCGT,2050,7,13,18,27,0.0
261,BG_OCGT,2050,7,19,24,28,0.0
262,BG_OCGT,2050,8,1,6,29,0.0
263,BG_OCGT,2050,8,7,12,30,0.0
264,BG_OCGT,2050,8,13,18,31,0.0
265,BG_OCGT,2050,8,19,24,32,0.0
266,BG_OCGT,2050,9,1,6,33,0.0
267,BG_OCGT,2050,9,7,12,34,0.0
268,BG_OCGT,2050,9,13,18,35,0.0
269,BG_OCGT,2050,9,19,24,36,0.0
270,BG_OCGT,2050,10,1,6,37,0.0
271,BG_OCGT,2050,10,7,12,38,0.0
272,BG_OCGT,2050,10,13,18,39,0.0
273,BG_OCGT,2050,10,19,24,40,0.0
274,CH_Nuclear,2050,1,7,12,2,0.0
275,CH_Nuclear,2050,1,13,18,3,0.0
276,CH_Nuclear,2050,1,19,24,4,0.0
277,CH_Nuclear,2050,2,1,6,5,0.0
278,CH_Nuclear,2050,2,7,12,6,0.0
279,CH_Nuclear,2050,2,13,18,7,0.0
280,CH_Nuclear,2050,2,19,24,8,0.0
281,CH_Nuclear,2050,3,1,6,9,0.0
282,CH_Nuclear,2050,3,7,12,10,0.0
283,CH_Nuclear,2050,3,13,18,11,0.0
284,CH_Nuclear,2050,3,19,24,12,0.0
285,CH_Nuclear,2050,4,1,6,13,0.0
286,CH_Nuclear,2050,4,7,12,14,0.0
287,CH_Nuclear,2050,4,13,18,15,0.0
288,CH_Nuclear,2050,4,19,24,16,0.0
289,CH_Nuclear,2050,5,1,6,17,0.0
290,CH_Nuclear,2050,5,7,12,18,0.0
291,CH_Nuclear,2050,5,13,18,19,0.0
292,CH_Nuclear,2050,5,19,24,20,0.0
293,CH_Nuclear,2050,6,1,6,21,0.0
294,CH_Nuclear,2050,6,7,12,22,0.0
295,CH_Nuclear,2050,6,13,18,23,0.0
296,CH_Nuclear,2050,6,19,24,24,0.0
297,CH_Nuclear,2050,7,1,6,25,0.0
298,CH_Nuclear,2050,7,7,12,26,0.0
299,CH_Nuclear,2050,7,13,18,27,0.0
300,CH_Nuclear,2050,7,19,24,28,0.0
301,CH_Nuclear,2050,8,1,6,29,0.0
302,CH_Nuclear,2050,8,7,12,30,0.0
303,CH_Nuclear,2050,8,13,18,31,0.0
304,CH_Nuclear,2050,8,19,24,32,0.0
305,CH_Nuclear,2050,9,1,6,33,0.0
306,CH_Nuclear,2050,9,7,12,34,0.0
307,CH_Nuclear,2050,9,13,18,35,0.0
308,CH_Nuclear,2050,9,19,24,36,0.0
309,CH_Nuclear,2050,10,1,6,37,0.0
310,CH_Nuclear,2050,10,7,12,38,0.0
311,CH_Nuclear,2050,10,13,18,39,0.0
312,CH_Nuclear,2050,10,19,24,40,0.0
313,CY_Gas,2050,1,7,12,2,0.0
314,CY_Gas,2050,1,13,18,3,0.0
315,CY_Gas,2050,1,19,24,4,0.0
316,CY_Gas,2050,2,1,6,5,0.0
317,CY_Gas,2050,2,7,12,6,0.0
318,CY_Gas,2050,2,13,18,7,0.0
319,CY_Gas,2050,2,19,24,8,0.0
320,CY_Gas,2050,3,1,6,9,0.0
321,CY_Gas,2050,3,7,12,10,0.0
322,CY_Gas,2050,3,13,18,11,0.0
323,CY_Gas,2050,3,19,24,12,0.0
324,CY_Gas,2050,4,1,6,13,0.0
325,CY_Gas,2050,4,7,12,14,0.0
326,CY_Gas,2050,4,13,18,15,0.0
327,CY_Gas,2050,4,19,24,16,0.0
328,CY_Gas,2050,5,1,6,17,0.0
329,CY_Gas,2050,5,7,12,18,0.0
330,CY_Gas,2050,5,13,18,19,0.0
331,CY_Gas,2050,5,19,24,20,0.0
332,CY_Gas,2050,6,1,6,21,0.0
333,CY_Gas,2050,6,7,12,22,0.0
334,CY_Gas,2050,6,13,18,23,0.0
335,CY_Gas,2050,6,19,24,24,0.0
336,CY_Gas,2050,7,1,6,25,0.0
337,CY_Gas,2050,7,7,12,26,0.0
338,CY_Gas,2050,7,13,18,27,0.0
339,CY_Gas,2050,7,19,24,28,0.0
340,CY_Gas,2050,8,1,6,29,0.0
341,CY_Gas,2050,8,7,12,30,0.0
342,CY_Gas,2050,8,13,18,31,0.0
343,CY_Gas,2050,8,19,24,32,0.0
344,CY_Gas,2050,9,1,6,33,0.0
345,CY_Gas,2050,9,7,12,34,0.0
346,CY_Gas,2050,9,13,18,35,0.0
347,CY_Gas,2050,9,19,24,36,0.0
348,CY_Gas,2050,10,1,6,37,0.0
349,CY_Gas,2050,10,7,12,38,0.0
350,CY_Gas,2050,10,13,18,39,0.0
351,CY_Gas,2050,10,19,24,40,0.0
352,CZ_Coal,2050,1,7,12,2,0.0
353,CZ_Coal,2050,1,13,18,3,0.0
354,CZ_Coal,2050,1,19,24,4,0.0
355,CZ_Coal,2050,2,1,6,5,0.0
356,CZ_Coal,2050,2,7,12,6,0.0
357,CZ_Coal,2050,2,13,18,7,0.0
358,CZ_Coal,2050,2,19,24,8,0.0
359,CZ_Coal,2050,3,1,6,9,0.0
360,CZ_Coal,2050,3,7,12,10,0.0
361,CZ_Coal,2050,3,13,18,11,0.0
362,CZ_Coal,2050,3,19,24,12,0.0
363,CZ_Coal,2050,4,1,6,13,0.0
364,CZ_Coal,2050,4,7,12,14,0.0
365,CZ_Coal,2050,4,13,18,15,0.0
366,CZ_Coal,2050,4,19,24,16,0.0
367,CZ_Coal,2050,5,1,6,17,0.0
368,CZ_Coal,2050,5,7,12,18,0.0
369,CZ_Coal,2050,5,13,18,19,0.0
370,CZ_Coal,2050,5,19,24,20,0.0
371,CZ_Coal,2050,6,1,6,21,0.0
372,CZ_Coal,2050,6,7,12,22,0.0
373,CZ_Coal,2050,6,13,18,23,0.0
374,CZ_Coal,2050,6,19,24,24,0.0
375,CZ_Coal,2050,7,1,6,25,0.0
376,CZ_Coal,2050,7,7,12,26,0.0
377,CZ_Coal,2050,7,13,18,27,0.0
378,CZ_Coal,2050,7,19,24,28,0.0
379,CZ_Coal,2050,8,1,6,29,0.0
380,CZ_Coal,2050,8,7,12,30,0.0
381,CZ_Coal,2050,8,13,18,31,0.0
382,CZ_Coal,2050,8,19,24,32,0.0
383,CZ_Coal,2050,9,1,6,33,0.0
384,CZ_Coal,2050,9,7,12,34,0.0
385,CZ_Coal,2050,9,13,18,35,0.0
386,CZ_Coal,2050,9,19,24,36,0.0
387,CZ_Coal,2050,10,1,6,37,0.0
388,CZ_Coal,2050,10,7,12,38,0.0
389,CZ_Coal,2050,10,13,18,39,0.0
390,CZ_Coal,2050,10,19,24,40,0.0
391,CZ_Gas,2050,1,7,12,2,0.0
392,CZ_Gas,2050,1,13,18,3,0.0
393,CZ_Gas,2050,1,19,24,4,0.0
394,CZ_Gas,2050,2,1,6,5,0.0
395,CZ_Gas,2050,2,7,12,6,0.0
396,CZ_Gas,2050,2,13,18,7,0.0
397,CZ_Gas,2050,2,19,24,8,0.0
398,CZ_Gas,2050,3,1,6,9,0.0
399,CZ_Gas,2050,3,7,12,10,0.0
400,CZ_Gas,2050,3,13,18,11,0.0
401,CZ_Gas,2050,3,19,24,12,0.0
402,CZ_Gas,2050,4,1,6,13,0.0
403,CZ_Gas,2050,4,7,12,14,0.0
404,CZ_Gas,2050,4,13,18,15,0.0
405,CZ_Gas,2050,4,19,24,16,0.0
406,CZ_Gas,2050,5,1,6,17,0.0
407,CZ_Gas,2050,5,7,12,18,0.0
408,CZ_Gas,2050,5,13,18,19,0.0
409,CZ_Gas,2050,5,19,24,20,0.0
410,CZ_Gas,2050,6,1,6,21,0.0
411,CZ_Gas,2050,6,7,12,22,0.0
412,CZ_Gas,2050,6,13,18,23,0.0
413,CZ_Gas,2050,6,19,24,24,0.0
414,CZ_Gas,2050,7,1,6,25,0.0
415,CZ_Gas,2050,7,7,12,26,0.0
416,CZ_Gas,2050,7,13,18,27,0.0
417,CZ_Gas,2050,7,19,24,28,0.0
418,CZ_Gas,2050,8,1,6,29,0.0
419,CZ_Gas,2050,8,7,12,30,0.0
420,CZ_Gas,2050,8,13,18,31,0.0
421,CZ_Gas,2050,8,19,24,32,0.0
422,CZ_Gas,2050,9,1,6,33,0.0
423,CZ_Gas,2050,9,7,12,34,0.0
424,CZ_Gas,2050,9,13,18,35,0.0
425,CZ_Gas,2050,9,19,24,36,0.0
426,CZ_Gas,2050,10,1,6,37,0.0
427,CZ_Gas,2050,10,7,12,38,0.0
428,CZ_Gas,2050,10,13,18,39,0.0
429,CZ_Gas,2050,10,19,24,40,0.0
430,CZ_Nuclear,2050,1,7,12,2,0.0
431,CZ_Nuclear,2050,1,13,18,3,0.0
432,CZ_Nuclear,2050,1,19,24,4,0.0
433,CZ_Nuclear,2050,2,1,6,5,0.0
434,CZ_Nuclear,2050,2,7,12,6,0.0
435,CZ_Nuclear,2050,2,13,18,7,0.0
436,CZ_Nuclear,2050,2,19,24,8,0.0
437,CZ_Nuclear,2050,3,1,6,9,0.0
438,CZ_Nuclear,2050,3,7,12,10,0.0
439,CZ_Nuclear,2050,3,13,18,11,0.0
440,CZ_Nuclear,2050,3,19,24,12,0.0
441,CZ_Nuclear,2050,4,1,6,13,0.0
442,CZ_Nuclear,2050,4,7,12,14,0.0
443,CZ_Nuclear,2050,4,13,18,15,0.0
444,CZ_Nuclear,2050,4,19,24,16,0.0
445,CZ_Nuclear,2050,5,1,6,17,0.0
446,CZ_Nuclear,2050,5,7,12,18,0.0
447,CZ_Nuclear,2050,5,13,18,19,0.0
448,CZ_Nuclear,2050,5,19,24,20,0.0
449,CZ_Nuclear,2050,6,1,6,21,0.0
450,CZ_Nuclear,2050,6,7,12,22,0.0
451,CZ_Nuclear,2050,6,13,18,23,0.0
452,CZ_Nuclear,2050,6,19,24,24,0.0
453,CZ_Nuclear,2050,7,1,6,25,0.0
454,CZ_Nuclear,2050,7,7,12,26,0.0
455,CZ_Nuclear,2050,7,13,18,27,0.0
456,CZ_Nuclear,2050,7,19,24,28,0.0
457,CZ_Nuclear,2050,8,1,6,29,0.0
458,CZ_Nuclear,2050,8,7,12,30,0.0
459,CZ_Nuclear,2050,8,13,18,31,0.0
460,CZ_Nuclear,2050,8,19,24,32,0.0
461,CZ_Nuclear,2050,9,1,6,33,0.0
462,CZ_Nuclear,2050,9,7,12,34,0.0
463,CZ_Nuclear,2050,9,13,18,35,0.0
464,CZ_Nuclear,2050,9,19,24,36,0.0
465,CZ_Nuclear,2050,10,1,6,37,0.0
466,CZ_Nuclear,2050,10,7,12,38,0.0
467,CZ_Nuclear,2050,10,13,18,39,0.0
468,CZ_Nuclear,2050,10,19,24,40,0.0
469,DE_Coal,2050,1,7,12,2,0.0
470,DE_Coal,2050,1,13,18,3,0.0
471,DE_Coal,2050,1,19,24,4,0.0
472,DE_Coal,2050,2,1,6,5,0.0
473,DE_Coal,2050,2,7,12,6,0.0
474,DE_Coal,2050,2,13,18,7,0.0
475,DE_Coal,2050,2,19,24,8,0.0
476,DE_Coal,2050,3,1,6,9,0.0
477,DE_Coal,2050,3,7,12,10,0.0
478,DE_Coal,2050,3,13,18,11,0.0
479,DE_Coal,2050,3,19,24,12,0.0
480,DE_Coal,2050,4,1,6,13,0.0
481,DE_Coal,2050,4,7,12,14,0.0
482,DE_Coal,2050,4,13,18,15,0.0
483,DE_Coal,2050,4,19,24,16,0.0
484,DE_Coal,2050,5,1,6,17,0.0
485,DE_Coal,2050,5,7,12,18,0.0
486,DE_Coal,2050,5,13,18,19,0.0
487,DE_Coal,2050,5,19,24,20,0.0
488,DE_Coal,2050,6,1,6,21,0.0
489,DE_Coal,2050,6,7,12,22,0.0
490,DE_Coal,2050,6,13,18,23,0.0
491,DE_Coal,2050,6,19,24,24,0.0
492,DE_Coal,2050,7,1,6,25,0.0
493,DE_Coal,2050,7,7,12,26,0.0
494,DE_Coal,2050,7,13,18,27,0.0
495,DE_Coal,2050,7,19,24,28,0.0
496,DE_Coal,2050,8,1,6,29,0.0
497,DE_Coal,2050,8,7,12,30,0.0
498,DE_Coal,2050,8,13,18,31,0.0
499,DE_Coal,2050,8,19,24,32,0.0
500,DE_Coal,2050,9,1,6,33,0.0
501,DE_Coal,2050,9,7,12,34,0.0
502,DE_Coal,2050,9,13,18,35,0.0
503,DE_Coal,2050,9,19,24,36,0.0
504,DE_Coal,2050,10,1,6,37,0.0
505,DE_Coal,2050,10,7,12,38,0.0
506,DE_Coal,2050,10,13,18,39,0.0
507,DE_Coal,2050,10,19,24,40,0.0
508,DE_Gas,2050,1,7,12,2,0.0
509,DE_Gas,2050,1,13,18,3,0.0
510,DE_Gas,2050,1,19,24,4,0.0
511,DE_Gas,2050,2,1,6,5,0.0
512,DE_Gas,2050,2,7,12,6,0.0
513,DE_Gas,2050,2,13,18,7,0.0
514,DE_Gas,2050,2,19,24,8,0.0
515,DE_Gas,2050,3,1,6,9,0.0
516,DE_Gas,2050,3,7,12,10,0.0
517,DE_Gas,2050,3,13,18,11,0.0
518,DE_Gas,2050,3,19,24,12,0.0
519,DE_Gas,2050,4,1,6,13,0.0
520,DE_Gas,2050,4,7,12,14,0.0
521,DE_Gas,2050,4,13,18,15,0.0
522,DE_Gas,2050,4,19,24,16,0.0
523,DE_Gas,2050,5,1,6,17,0.0
524,DE_Gas,2050,5,7,12,18,0.0
525,DE_Gas,2050,5,13,18,19,0.0
526,DE_Gas,2050,5,19,24,20,0.0
527,DE_Gas,2050,6,1,6,21,0.0
528,DE_Gas,2050,6,7,12,22,0.0
529,DE_Gas,2050,6,13,18,23,0.0
530,DE_Gas,2050,6,19,24,24,0.0
531,DE_Gas,2050,7,1,6,25,0.0
532,DE_Gas,2050,7,7,12,26,0.0
533,DE_Gas,2050,7,13,18,27,0.0
534,DE_Gas,2050,7,19,24,28,0.0
535,DE_Gas,2050,8,1,6,29,0.0
536,DE_Gas,2050,8,7,12,30,0.0
537,DE_Gas,2050,8,13,18,31,0.0
538,DE_Gas,2050,8,19,24,32,0.0
539,DE_Gas,2050,9,1,6,33,0.0
540,DE_Gas,2050,9,7,12,34,0.0
541,DE_Gas,2050,9,13,18,35,0.0
542,DE_Gas,2050,9,19,24,36,0.0
543,DE_Gas,2050,10,1,6,37,0.0
544,DE_Gas,2050,10,7,12,38,0.0
545,DE_Gas,2050,10,13,18,39,0.0
546,DE_Gas,2050,10,19,24,40,0.0
547,DE_OCGT,2050,1,7,12,2,0.0
548,DE_OCGT,2050,1,13,18,3,0.0
549,DE_OCGT,2050,1,19,24,4,0.0
550,DE_OCGT,2050,2,1,6,5,0.0
551,DE_OCGT,2050,2,7,12,6,0.0
552,DE_OCGT,2050,2,13,18,7,0.0
553,DE_OCGT,2050,2,19,24,8,0.0
554,DE_OCGT,2050,3,1,6,9,0.0
555,DE_OCGT,2050,3,7,12,10,0.0
556,DE_OCGT,2050,3,13,18,11,0.0
557,DE_OCGT,2050,3,19,24,12,0.0
558,DE_OCGT,2050,4,1,6,13,0.0
559,DE_OCGT,2050,4,7,12,14,0.0
560,DE_OCGT,2050,4,13,18,15,0.0
561,DE_OCGT,2050,4,19,24,16,0.0
562,DE_OCGT,2050,5,1,6,17,0.0
563,DE_OCGT,2050,5,7,12,18,0.0
564,DE_OCGT,2050,5,13,18,19,0.0
565,DE_OCGT,2050,5,19,24,20,0.0
566,DE_OCGT,2050,6,1,6,21,0.0
567,DE_OCGT,2050,6,7,12,22,0.0
568,DE_OCGT,2050,6,13,18,23,0.0
569,DE_OCGT,2050,6,19,24,24,0.0
570,DE_OCGT,2050,7,1,6,25,0.0
571,DE_OCGT,2050,7,7,12,26,0.0
572,DE_OCGT,2050,7,13,18,27,0.0
573,DE_OCGT,2050,7,19,24,28,0.0
574,DE_OCGT,2050,8,1,6,29,0.0
575,DE_OCGT,2050,8,7,12,30,0.0
576,DE_OCGT,2050,8,13,18,31,0.0
577,DE_OCGT,2050,8,19,24,32,0.0
578,DE_OCGT,2050,9,1,6,33,0.0
579,DE_OCGT,2050,9,7,12,34,0.0
580,DE_OCGT,2050,9,13,18,35,0.0
581,DE_OCGT,2050,9,19,24,36,0.0
582,DE_OCGT,2050,10,1,6,37,0.0
583,DE_OCGT,2050,10,7,12,38,0.0
584,DE_OCGT,2050,10,13,18,39,0.0
585,DE_OCGT,2050,10,19,24,40,0.0
586,DK_Gas,2050,1,7,12,2,0.0
587,DK_Gas,2050,1,13,18,3,0.0
588,DK_Gas,2050,1,19,24,4,0.0
589,DK_Gas,2050,2,1,6,5,0.0
590,DK_Gas,2050,2,7,12,6,0.0
591,DK_Gas,2050,2,13,18,7,0.0
592,DK_Gas,2050,2,19,24,8,0.0
593,DK_Gas,2050,3,1,6,9,0.0
594,DK_Gas,2050,3,7,12,10,0.0
595,DK_Gas,2050,3,13,18,11,0.0
596,DK_Gas,2050,3,19,24,12,0.0
597,DK_Gas,2050,4,1,6,13,0.0
598,DK_Gas,2050,4,7,12,14,0.0
599,DK_Gas,2050,4,13,18,15,0.0
600,DK_Gas,2050,4,19,24,16,0.0
601,DK_Gas,2050,5,1,6,17,0.0
602,DK_Gas,2050,5,7,12,18,0.0
603,DK_Gas,2050,5,13,18,19,0.0
604,DK_Gas,2050,5,19,24,20,0.0
605,DK_Gas,2050,6,1,6,21,0.0
606,DK_Gas,2050,6,7,12,22,0.0
607,DK_Gas,2050,6,13,18,23,0.0
608,DK_Gas,2050,6,19,24,24,0.0
609,DK_Gas,2050,7,1,6,25,0.0
610,DK_Gas,2050,7,7,12,26,0.0
611,DK_Gas,2050,7,13,18,27,0.0
612,DK_Gas,2050,7,19,24,28,0.0
613,DK_Gas,2050,8,1,6,29,0.0
614,DK_Gas,2050,8,7,12,30,0.0
615,DK_Gas,2050,8,13,18,31,0.0
616,DK_Gas,2050,8,19,24,32,0.0
617,DK_Gas,2050,9,1,6,33,0.0
618,DK_Gas,2050,9,7,12,34,0.0
619,DK_Gas,2050,9,13,18,35,0.0
620,DK_Gas,2050,9,19,24,36,0.0
621,DK_Gas,2050,10,1,6,37,0.0
622,DK_Gas,2050,10,7,12,38,0.0
623,DK_Gas,2050,10,13,18,39,0.0
624,DK_Gas,2050,10,19,24,40,0.0
625,DK_OCGT,2050,1,7,12,2,0.0
626,DK_OCGT,2050,1,13,18,3,0.0
627,DK_OCGT,2050,1,19,24,4,0.0
628,DK_OCGT,2050,2,1,6,5,0.0
629,DK_OCGT,2050,2,7,12,6,0.0
630,DK_OCGT,2050,2,13,18,7,0.0
631,DK_OCGT,2050,2,19,24,8,0.0
632,DK_OCGT,2050,3,1,6,9,0.0
633,DK_OCGT,2050,3,7,12,10,0.0
634,DK_OCGT,2050,3,13,18,11,0.0
635,DK_OCGT,2050,3,19,24,12,0.0
636,DK_OCGT,2050,4,1,6,13,0.0
637,DK_OCGT,2050,4,7,12,14,0.0
638,DK_OCGT,2050,4,13,18,15,0.0
639,DK_OCGT,2050,4,19,24,16,0.0
640,DK_OCGT,2050,5,1,6,17,0.0
641,DK_OCGT,2050,5,7,12,18,0.0
642,DK_OCGT,2050,5,13,18,19,0.0
643,DK_OCGT,2050,5,19,24,20,0.0
644,DK_OCGT,2050,6,1,6,21,0.0
645,DK_OCGT,2050,6,7,12,22,0.0
646,DK_OCGT,2050,6,13,18,23,0.0
647,DK_OCGT,2050,6,19,24,24,0.0
648,DK_OCGT,2050,7,1,6,25,0.0
649,DK_OCGT,2050,7,7,12,26,0.0
650,DK_OCGT,2050,7,13,18,27,0.0
651,DK_OCGT,2050,7,19,24,28,0.0
652,DK_OCGT,2050,8,1,6,29,0.0
653,DK_OCGT,2050,8,7,12,30,0.0
654,DK_OCGT,2050,8,13,18,31,0.0
655,DK_OCGT,2050,8,19,24,32,0.0
656,DK_OCGT,2050,9,1,6,33,0.0
657,DK_OCGT,2050,9,7,12,34,0.0
658,DK_OCGT,2050,9,13,18,35,0.0
659,DK_OCGT,2050,9,19,24,36,0.0
660,DK_OCGT,2050,10,1,6,37,0.0
661,DK_OCGT,2050,10,7,12,38,0.0
662,DK_OCGT,2050,10,13,18,39,0.0
663,DK_OCGT,2050,10,19,24,40,0.0
664,ES_Gas,2050,1,7,12,2,0.0
665,ES_Gas,2050,1,13,18,3,0.0
666,ES_Gas,2050,1,19,24,4,0.0
667,ES_Gas,2050,2,1,6,5,0.0
668,ES_Gas,2050,2,7,12,6,0.0
669,ES_Gas,2050,2,13,18,7,0.0
670,ES_Gas,2050,2,19,24,8,0.0
671,ES_Gas,2050,3,1,6,9,0.0
672,ES_Gas,2050,3,7,12,10,0.0
673,ES_Gas,2050,3,13,18,11,0.0
674,ES_Gas,2050,3,19,24,12,0.0
675,ES_Gas,2050,4,1,6,13,0.0
676,ES_Gas,2050,4,7,12,14,0.0
677,ES_Gas,2050,4,13,18,15,0.0
678,ES_Gas,2050,4,19,24,16,0.0
679,ES_Gas,2050,5,1,6,17,0.0
680,ES_Gas,2050,5,7,12,18,0.0
681,ES_Gas,2050,5,13,18,19,0.0
682,ES_Gas,2050,5,19,24,20,0.0
683,ES_Gas,2050,6,1,6,21,0.0
684,ES_Gas,2050,6,7,12,22,0.0
685,ES_Gas,2050,6,13,18,23,0.0
686,ES_Gas,2050,6,19,24,24,0.0
687,ES_Gas,2050,7,1,6,25,0.0
688,ES_Gas,2050,7,7,12,26,0.0
689,ES_Gas,2050,7,13,18,27,0.0
690,ES_Gas,2050,7,19,24,28,0.0
691,ES_Gas,2050,8,1,6,29,0.0
692,ES_Gas,2050,8,7,12,30,0.0
693,ES_Gas,2050,8,13,18,31,0.0
694,ES_Gas,2050,8,19,24,32,0.0
695,ES_Gas,2050,9,1,6,33,0.0
696,ES_Gas,2050,9,7,12,34,0.0
697,ES_Gas,2050,9,13,18,35,0.0
698,ES_Gas,2050,9,19,24,36,0.0
699,ES_Gas,2050,10,1,6,37,0.0
700,ES_Gas,2050,10,7,12,38,0.0
701,ES_Gas,2050,10,13,18,39,0.0
702,ES_Gas,2050,10,19,24,40,0.0
703,ES_Nuclear,2050,1,7,12,2,0.0
704,ES_Nuclear,2050,1,13,18,3,0.0
705,ES_Nuclear,2050,1,19,24,4,0.0
706,ES_Nuclear,2050,2,1,6,5,0.0
707,ES_Nuclear,2050,2,7,12,6,0.0
708,ES_Nuclear,2050,2,13,18,7,0.0
709,ES_Nuclear,2050,2,19,24,8,0.0
710,ES_Nuclear,2050,3,1,6,9,0.0
711,ES_Nuclear,2050,3,7,12,10,0.0
712,ES_Nuclear,2050,3,13,18,11,0.0
713,ES_Nuclear,2050,3,19,24,12,0.0
714,ES_Nuclear,2050,4,1,6,13,0.0
715,ES_Nuclear,2050,4,7,12,14,0.0
716,ES_Nuclear,2050,4,13,18,15,0.0
717,ES_Nuclear,2050,4,19,24,16,0.0
718,ES_Nuclear,2050,5,1,6,17,0.0
719,ES_Nuclear,2050,5,7,12,18,0.0
720,ES_Nuclear,2050,5,13,18,19,0.0
721,ES_Nuclear,2050,5,19,24,20,0.0
722,ES_Nuclear,2050,6,1,6,21,0.0
723,ES_Nuclear,2050,6,7,12,22,0.0
724,ES_Nuclear,2050,6,13,18,23,0.0
725,ES_Nuclear,2050,6,19,24,24,0.0
726,ES_Nuclear,2050,7,1,6,25,0.0
727,ES_Nuclear,2050,7,7,12,26,0.0
728,ES_Nuclear,2050,7,13,18,27,0.0
729,ES_Nuclear,2050,7,19,24,28,0.0
730,ES_Nuclear,2050,8,1,6,29,0.0
731,ES_Nuclear,2050,8,7,12,30,0.0
732,ES_Nuclear,2050,8,13,18,31,0.0
733,ES_Nuclear,2050,8,19,24,32,0.0
734,ES_Nuclear,2050,9,1,6,33,0.0
735,ES_Nuclear,2050,9,7,12,34,0.0
736,ES_Nuclear,2050,9,13,18,35,0.0
737,ES_Nuclear,2050,9,19,24,36,0.0
738,ES_Nuclear,2050,10,1,6,37,0.0
739,ES_Nuclear,2050,10,7,12,38,0.0
740,ES_Nuclear,2050,10,13,18,39,0.0
741,ES_Nuclear,2050,10,19,24,40,0.0
742,FI_Gas,2050,1,7,12,2,0.0
743,FI_Gas,2050,1,13,18,3,0.0
744,FI_Gas,2050,1,19,24,4,0.0
745,FI_Gas,2050,2,1,6,5,0.0
746,FI_Gas,2050,2,7,12,6,0.0
747,FI_Gas,2050,2,13,18,7,0.0
748,FI_Gas,2050,2,19,24,8,0.0
749,FI_Gas,2050,3,1,6,9,0.0
750,FI_Gas,2050,3,7,12,10,0.0
751,FI_Gas,2050,3,13,18,11,0.0
752,FI_Gas,2050,3,19,24,12,0.0
753,FI_Gas,2050,4,1,6,13,0.0
754,FI_Gas,2050,4,7,12,14,0.0
755,FI_Gas,2050,4,13,18,15,0.0
756,FI_Gas,2050,4,19,24,16,0.0
757,FI_Gas,2050,5,1,6,17,0.0
758,FI_Gas,2050,5,7,12,18,0.0
759,FI_Gas,2050,5,13,18,19,0.0
760,FI_Gas,2050,5,19,24,20,0.0
761,FI_Gas,2050,6,1,6,21,0.0
762,FI_Gas,2050,6,7,12,22,0.0
763,FI_Gas,2050,6,13,18,23,0.0
764,FI_Gas,2050,6,19,24,24,0.0
765,FI_Gas,2050,7,1,6,25,0.0
766,FI_Gas,2050,7,7,12,26,0.0
767,FI_Gas,2050,7,13,18,27,0.0
768,FI_Gas,2050,7,19,24,28,0.0
769,FI_Gas,2050,8,1,6,29,0.0
770,FI_Gas,2050,8,7,12,30,0.0
771,FI_Gas,2050,8,13,18,31,0.0
772,FI_Gas,2050,8,19,24,32,0.0
773,FI_Gas,2050,9,1,6,33,0.0
774,FI_Gas,2050,9,7,12,34,0.0
775,FI_Gas,2050,9,13,18,35,0.0
776,FI_Gas,2050,9,19,24,36,0.0
777,FI_Gas,2050,10,1,6,37,0.0
778,FI_Gas,2050,10,7,12,38,0.0
779,FI_Gas,2050,10,13,18,39,0.0
780,FI_Gas,2050,10,19,24,40,0.0
781,FI_Nuclear,2050,1,7,12,2,0.0
782,FI_Nuclear,2050,1,13,18,3,0.0
783,FI_Nuclear,2050,1,19,24,4,0.0
784,FI_Nuclear,2050,2,1,6,5,0.0
785,FI_Nuclear,2050,2,7,12,6,0.0
786,FI_Nuclear,2050,2,13,18,7,0.0
787,FI_Nuclear,2050,2,19,24,8,0.0
788,FI_Nuclear,2050,3,1,6,9,0.0
789,FI_Nuclear,2050,3,7,12,10,0.0
790,FI_Nuclear,2050,3,13,18,11,0.0
791,FI_Nuclear,2050,3,19,24,12,0.0
792,FI_Nuclear,2050,4,1,6,13,0.0
793,FI_Nuclear,2050,4,7,12,14,0.0
794,FI_Nuclear,2050,4,13,18,15,0.0
795,FI_Nuclear,2050,4,19,24,16,0.0
796,FI_Nuclear,2050,5,1,6,17,0.0
797,FI_Nuclear,2050,5,7,12,18,0.0
798,FI_Nuclear,2050,5,13,18,19,0.0
799,FI_Nuclear,2050,5,19,24,20,0.0
800,FI_Nuclear,2050,6,1,6,21,0.0
801,FI_Nuclear,2050,6,7,12,22,0.0
802,FI_Nuclear,2050,6,13,18,23,0.0
803,FI_Nuclear,2050,6,19,24,24,0.0
804,FI_Nuclear,2050,7,1,6,25,0.0
805,FI_Nuclear,2050,7,7,12,26,0.0
806,FI_Nuclear,2050,7,13,18,27,0.0
807,FI_Nuclear,2050,7,19,24,28,0.0
808,FI_Nuclear,2050,8,1,6,29,0.0
809,FI_Nuclear,2050,8,7,12,30,0.0
810,FI_Nuclear,2050,8,13,18,31,0.0
811,FI_Nuclear,2050,8,19,24,32,0.0
812,FI_Nuclear,2050,9,1,6,33,0.0
813,FI_Nuclear,2050,9,7,12,34,0.0
814,FI_Nuclear,2050,9,13,18,35,0.0
815,FI_Nuclear,2050,9,19,24,36,0.0
816,FI_Nuclear,2050,10,1,6,37,0.0
817,FI_Nuclear,2050,10,7,12,38,0.0
818,FI_Nuclear,2050,10,13,18,39,0.0
819,FI_Nuclear,2050,10,19,24,40,0.0
820,FI_OCGT,2050,1,7,12,2,0.0
821,FI_OCGT,2050,1,13,18,3,0.0
822,FI_OCGT,2050,1,19,24,4,0.0
823,FI_OCGT,2050,2,1,6,5,0.0
824,FI_OCGT,2050,2,7,12,6,0.0
825,FI_OCGT,2050,2,13,18,7,0.0
826,FI_OCGT,2050,2,19,24,8,0.0
827,FI_OCGT,2050,3,1,6,9,0.0
828,FI_OCGT,2050,3,7,12,10,0.0
829,FI_OCGT,2050,3,13,18,11,0.0
830,FI_OCGT,2050,3,19,24,12,0.0
831,FI_OCGT,2050,4,1,6,13,0.0
832,FI_OCGT,2050,4,7,12,14,0.0
833,FI_OCGT,2050,4,13,18,15,0.0
834,FI_OCGT,2050,4,19,24,16,0.0
835,FI_OCGT,2050,5,1,6,17,0.0
836,FI_OCGT,2050,5,7,12,18,0.0
837,FI_OCGT,2050,5,13,18,19,0.0
838,FI_OCGT,2050,5,19,24,20,0.0
839,FI_OCGT,2050,6,1,6,21,0.0
840,FI_OCGT,2050,6,7,12,22,0.0
841,FI_OCGT,2050,6,13,18,23,0.0
842,FI_OCGT,2050,6,19,24,24,0.0
843,FI_OCGT,2050,7,1,6,25,0.0
844,FI_OCGT,2050,7,7,12,26,0.0
845,FI_OCGT,2050,7,13,18,27,0.0
846,FI_OCGT,2050,7,19,24,28,0.0
847,FI_OCGT,2050,8,1,6,29,0.0
848,FI_OCGT,2050,8,7,12,30,0.0
849,FI_OCGT,2050,8,13,18,31,0.0
850,FI_OCGT,2050,8,19,24,32,0.0
851,FI_OCGT,2050,9,1,6,33,0.0
852,FI_OCGT,2050,9,7,12,34,0.0
853,FI_OCGT,2050,9,13,18,35,0.0
854,FI_OCGT,2050,9,19,24,36,0.0
855,FI_OCGT,2050,10,1,6,37,0.0
856,FI_OCGT,2050,10,7,12,38,0.0
857,FI_OCGT,2050,10,13,18,39,0.0
858,FI_OCGT,2050,10,19,24,40,0.0
859,FR_Gas,2050,1,7,12,2,0.0
860,FR_Gas,2050,1,13,18,3,0.0
861,FR_Gas,2050,1,19,24,4,0.0
862,FR_Gas,2050,2,1,6,5,0.0
863,FR_Gas,2050,2,7,12,6,0.0
864,FR_Gas,2050,2,13,18,7,0.0
865,FR_Gas,2050,2,19,24,8,0.0
866,FR_Gas,2050,3,1,6,9,0.0
867,FR_Gas,2050,3,7,12,10,0.0
868,FR_Gas,2050,3,13,18,11,0.0
869,FR_Gas,2050,3,19,24,12,0.0
870,FR_Gas,2050,4,1,6,13,0.0
871,FR_Gas,2050,4,7,12,14,0.0
872,FR_Gas,2050,4,13,18,15,0.0
873,FR_Gas,2050,4,19,24,16,0.0
874,FR_Gas,2050,5,1,6,17,0.0
875,FR_Gas,2050,5,7,12,18,0.0
876,FR_Gas,2050,5,13,18,19,0.0
877,FR_Gas,2050,5,19,24,20,0.0
878,FR_Gas,2050,6,1,6,21,0.0
879,FR_Gas,2050,6,7,12,22,0.0
880,FR_Gas,2050,6,13,18,23,0.0
881,FR_Gas,2050,6,19,24,24,0.0
882,FR_Gas,2050,7,1,6,25,0.0
883,FR_Gas,2050,7,7,12,26,0.0
884,FR_Gas,2050,7,13,18,27,0.0
885,FR_Gas,2050,7,19,24,28,0.0
886,FR_Gas,2050,8,1,6,29,0.0
887,FR_Gas,2050,8,7,12,30,0.0
888,FR_Gas,2050,8,13,18,31,0.0
889,FR_Gas,2050,8,19,24,32,0.0
890,FR_Gas,2050,9,1,6,33,0.0
891,FR_Gas,2050,9,7,12,34,0.0
892,FR_Gas,2050,9,13,18,35,0.0
893,FR_Gas,2050,9,19,24,36,0.0
894,FR_Gas,2050,10,1,6,37,0.0
895,FR_Gas,2050,10,7,12,38,0.0
896,FR_Gas,2050,10,13,18,39,0.0
897,FR_Gas,2050,10,19,24,40,0.0
898,FR_Nuclear,2050,1,7,12,2,0.0
899,FR_Nuclear,2050,1,13,18,3,0.0
900,FR_Nuclear,2050,1,19,24,4,0.0
901,FR_Nuclear,2050,2,1,6,5,0.0
902,FR_Nuclear,2050,2,7,12,6,0.0
903,FR_Nuclear,2050,2,13,18,7,0.0
904,FR_Nuclear,2050,2,19,24,8,0.0
905,FR_Nuclear,2050,3,1,6,9,0.0
906,FR_Nuclear,2050,3,7,12,10,0.0
907,FR_Nuclear,2050,3,13,18,11,0.0
908,FR_Nuclear,2050,3,19,24,12,0.0
909,FR_Nuclear,2050,4,1,6,13,0.0
910,FR_Nuclear,2050,4,7,12,14,0.0
911,FR_Nuclear,2050,4,13,18,15,0.0
912,FR_Nuclear,2050,4,19,24,16,0.0
913,FR_Nuclear,2050,5,1,6,17,0.0
914,FR_Nuclear,2050,5,7,12,18,0.0
915,FR_Nuclear,2050,5,13,18,19,0.0
916,FR_Nuclear,2050,5,19,24,20,0.0
917,FR_Nuclear,2050,6,1,6,21,0.0
918,FR_Nuclear,2050,6,7,12,22,0.0
919,FR_Nuclear,2050,6,13,18,23,0.0
920,FR_Nuclear,2050,6,19,24,24,0.0
921,FR_Nuclear,2050,7,1,6,25,0.0
922,FR_Nuclear,2050,7,7,12,26,0.0
923,FR_Nuclear,2050,7,13,18,27,0.0
924,FR_Nuclear,2050,7,19,24,28,0.0
925,FR_Nuclear,2050,8,1,6,29,0.0
926,FR_Nuclear,2050,8,7,12,30,0.0
927,FR_Nuclear,2050,8,13,18,31,0.0
928,FR_Nuclear,2050,8,19,24,32,0.0
929,FR_Nuclear,2050,9,1,6,33,0.0
930,FR_Nuclear,2050,9,7,12,34,0.0
931,FR_Nuclear,2050,9,13,18,35,0.0
932,FR_Nuclear,2050,9,19,24,36,0.0
933,FR_Nuclear,2050,10,1,6,37,0.0
934,FR_Nuclear,2050,10,7,12,38,0.0
935,FR_Nuclear,2050,10,13,18,39,0.0
936,FR_Nuclear,2050,10,19,24,40,0.0
937,FR_OCGT,2050,1,7,12,2,0.0
938,FR_OCGT,2050,1,13,18,3,0.0
939,FR_OCGT,2050,1,19,24,4,0.0
940,FR_OCGT,2050,2,1,6,5,0.0
941,FR_OCGT,2050,2,7,12,6,0.0
942,FR_OCGT,2050,2,13,18,7,0.0
943,FR_OCGT,2050,2,19,24,8,0.0
944,FR_OCGT,2050,3,1,6,9,0.0
945,FR_OCGT,2050,3,7,12,10,0.0
946,FR_OCGT,2050,3,13,18,11,0.0
947,FR_OCGT,2050,3,19,24,12,0.0
948,FR_OCGT,2050,4,1,6,13,0.0
949,FR_OCGT,2050,4,7,12,14,0.0
950,FR_OCGT,2050,4,13,18,15,0.0
951,FR_OCGT,2050,4,19,24,16,0.0
952,FR_OCGT,2050,5,1,6,17,0.0
953,FR_OCGT,2050,5,7,12,18,0.0
954,FR_OCGT,2050,5,13,18,19,0.0
955,FR_OCGT,2050,5,19,24,20,0.0
956,FR_OCGT,2050,6,1,6,21,0.0
957,FR_OCGT,2050,6,7,12,22,0.0
958,FR_OCGT,2050,6,13,18,23,0.0
959,FR_OCGT,2050,6,19,24,24,0.0
960,FR_OCGT,2050,7,1,6,25,0.0
961,FR_OCGT,2050,7,7,12,26,0.0
962,FR_OCGT,2050,7,13,18,27,0.0
963,FR_OCGT,2050,7,19,24,28,0.0
964,FR_OCGT,2050,8,1,6,29,0.0
965,FR_OCGT,2050,8,7,12,30,0.0
966,FR_OCGT,2050,8,13,18,31,0.0
967,FR_OCGT,2050,8,19,24,32,0.0
968,FR_OCGT,2050,9,1,6,33,0.0
969,FR_OCGT,2050,9,7,12,34,0.0
970,FR_OCGT,2050,9,13,18,35,0.0
971,FR_OCGT,2050,9,19,24,36,0.0
972,FR_OCGT,2050,10,1,6,37,0.0
973,FR_OCGT,2050,10,7,12,38,0.0
974,FR_OCGT,2050,10,13,18,39,0.0
975,FR_OCGT,2050,10,19,24,40,0.0
976,GR_Gas,2050,1,7,12,2,0.0
977,GR_Gas,2050,1,13,18,3,0.0
978,GR_Gas,2050,1,19,24,4,0.0
979,GR_Gas,2050,2,1,6,5,0.0
980,GR_Gas,2050,2,7,12,6,0.0
981,GR_Gas,2050,2,13,18,7,0.0
982,GR_Gas,2050,2,19,24,8,0.0
983,GR_Gas,2050,3,1,6,9,0.0
984,GR_Gas,2050,3,7,12,10,0.0
985,GR_Gas,2050,3,13,18,11,0.0
986,GR_Gas,2050,3,19,24,12,0.0
987,GR_Gas,2050,4,1,6,13,0.0
988,GR_Gas,2050,4,7,12,14,0.0
989,GR_Gas,2050,4,13,18,15,0.0
990,GR_Gas,2050,4,19,24,16,0.0
991,GR_Gas,2050,5,1,6,17,0.0
992,GR_Gas,2050,5,7,12,18,0.0
993,GR_Gas,2050,5,13,18,19,0.0
994,GR_Gas,2050,5,19,24,20,0.0
995,GR_Gas,2050,6,1,6,21,0.0
996,GR_Gas,2050,6,7,12,22,0.0
997,GR_Gas,2050,6,13,18,23,0.0
998,GR_Gas,2050,6,19,24,24,0.0
999,GR_Gas,2050,7,1,6,25,0.0
1000,GR_Gas,2050,7,7,12,26,0.0
1001,GR_Gas,2050,7,13,18,27,0.0
1002,GR_Gas,2050,7,19,24,28,0.0
1003,GR_Gas,2050,8,1,6,29,0.0
1004,GR_Gas,2050,8,7,12,30,0.0
1005,GR_Gas,2050,8,13,18,31,0.0
1006,GR_Gas,2050,8,19,24,32,0.0
1007,GR_Gas,2050,9,1,6,33,0.0
1008,GR_Gas,2050,9,7,12,34,0.0
1009,GR_Gas,2050,9,13,18,35,0.0
1010,GR_Gas,2050,9,19,24,36,0.0
1011,GR_Gas,2050,10,1,6,37,0.0
1012,GR_Gas,2050,10,7,12,38,0.0
1013,GR_Gas,2050,10,13,18,39,0.0
1014,GR_Gas,2050,10,19,24,40,0.0
1015,GR_OCGT,2050,1,7,12,2,0.0
1016,GR_OCGT,2050,1,13,18,3,0.0
1017,GR_OCGT,2050,1,19,24,4,0.0
1018,GR_OCGT,2050,2,1,6,5,0.0
1019,GR_OCGT,2050,2,7,12,6,0.0
1020,GR_OCGT,2050,2,13,18,7,0.0
1021,GR_OCGT,2050,2,19,24,8,0.0
1022,GR_OCGT,2050,3,1,6,9,0.0
1023,GR_OCGT,2050,3,7,12,10,0.0
1024,GR_OCGT,2050,3,13,18,11,0.0
1025,GR_OCGT,2050,3,19,24,12,0.0
1026,GR_OCGT,2050,4,1,6,13,0.0
1027,GR_OCGT,2050,4,7,12,14,0.0
1028,GR_OCGT,2050,4,13,18,15,0.0
1029,GR_OCGT,2050,4,19,24,16,0.0
1030,GR_OCGT,2050,5,1,6,17,0.0
1031,GR_OCGT,2050,5,7,12,18,0.0
1032,GR_OCGT,2050,5,13,18,19,0.0
1033,GR_OCGT,2050,5,19,24,20,0.0
1034,GR_OCGT,2050,6,1,6,21,0.0
1035,GR_OCGT,2050,6,7,12,22,0.0
1036,GR_OCGT,2050,6,13,18,23,0.0
1037,GR_OCGT,2050,6,19,24,24,0.0
1038,GR_OCGT,2050,7,1,6,25,0.0
1039,GR_OCGT,2050,7,7,12,26,0.0
1040,GR_OCGT,2050,7,13,18,27,0.0
1041,GR_OCGT,2050,7,19,24,28,0.0
1042,GR_OCGT,2050,8,1,6,29,0.0
1043,GR_OCGT,2050,8,7,12,30,0.0
1044,GR_OCGT,2050,8,13,18,31,0.0
1045,GR_OCGT,2050,8,19,24,32,0.0
1046,GR_OCGT,2050,9,1,6,33,0.0
1047,GR_OCGT,2050,9,7,12,34,0.0
1048,GR_OCGT,2050,9,13,18,35,0.0
1049,GR_OCGT,2050,9,19,24,36,0.0
1050,GR_OCGT,2050,10,1,6,37,0.0
1051,GR_OCGT,2050,10,7,12,38,0.0
1052,GR_OCGT,2050,10,13,18,39,0.0
1053,GR_OCGT,2050,10,19,24,40,0.0
1054,HR_Coal,2050,1,7,12,2,0.0
1055,HR_Coal,2050,1,13,18,3,0.0
1056,HR_Coal,2050,1,19,24,4,0.0
1057,HR_Coal,2050,2,1,6,5,0.0
1058,HR_Coal,2050,2,7,12,6,0.0
1059,HR_Coal,2050,2,13,18,7,0.0
1060,HR_Coal,2050,2,19,24,8,0.0
1061,HR_Coal,2050,3,1,6,9,0.0
1062,HR_Coal,2050,3,7,12,10,0.0
1063,HR_Coal,2050,3,13,18,11,0.0
1064,HR_Coal,2050,3,19,24,12,0.0
1065,HR_Coal,2050,4,1,6,13,0.0
1066,HR_Coal,2050,4,7,12,14,0.0
1067,HR_Coal,2050,4,13,18,15,0.0
1068,HR_Coal,2050,4,19,24,16,0.0
1069,HR_Coal,2050,5,1,6,17,0.0
1070,HR_Coal,2050,5,7,12,18,0.0
1071,HR_Coal,2050,5,13,18,19,0.0
1072,HR_Coal,2050,5,19,24,20,0.0
1073,HR_Coal,2050,6,1,6,21,0.0
1074,HR_Coal,2050,6,7,12,22,0.0
1075,HR_Coal,2050,6,13,18,23,0.0
1076,HR_Coal,2050,6,19,24,24,0.0
1077,HR_Coal,2050,7,1,6,25,0.0
1078,HR_Coal,2050,7,7,12,26,0.0
1079,HR_Coal,2050,7,13,18,27,0.0
1080,HR_Coal,2050,7,19,24,28,0.0
1081,HR_Coal,2050,8,1,6,29,0.0
1082,HR_Coal,2050,8,7,12,30,0.0
1083,HR_Coal,2050,8,13,18,31,0.0
1084,HR_Coal,2050,8,19,24,32,0.0
1085,HR_Coal,2050,9,1,6,33,0.0
1086,HR_Coal,2050,9,7,12,34,0.0
1087,HR_Coal,2050,9,13,18,35,0.0
1088,HR_Coal,2050,9,19,24,36,0.0
1089,HR_Coal,2050,10,1,6,37,0.0
1090,HR_Coal,2050,10,7,12,38,0.0
1091,HR_Coal,2050,10,13,18,39,0.0
1092,HR_Coal,2050,10,19,24,40,0.0
1093,HR_Gas,2050,1,7,12,2,0.0
1094,HR_Gas,2050,1,13,18,3,0.0
1095,HR_Gas,2050,1,19,24,4,0.0
1096,HR_Gas,2050,2,1,6,5,0.0
1097,HR_Gas,2050,2,7,12,6,0.0
1098,HR_Gas,2050,2,13,18,7,0.0
1099,HR_Gas,2050,2,19,24,8,0.0
1100,HR_Gas,2050,3,1,6,9,0.0
1101,HR_Gas,2050,3,7,12,10,0.0
1102,HR_Gas,2050,3,13,18,11,0.0
1103,HR_Gas,2050,3,19,24,12,0.0
1104,HR_Gas,2050,4,1,6,13,0.0
1105,HR_Gas,2050,4,7,12,14,0.0
1106,HR_Gas,2050,4,13,18,15,0.0
1107,HR_Gas,2050,4,19,24,16,0.0
1108,HR_Gas,2050,5,1,6,17,0.0
1109,HR_Gas,2050,5,7,12,18,0.0
1110,HR_Gas,2050,5,13,18,19,0.0
1111,HR_Gas,2050,5,19,24,20,0.0
1112,HR_Gas,2050,6,1,6,21,0.0
1113,HR_Gas,2050,6,7,12,22,0.0
1114,HR_Gas,2050,6,13,18,23,0.0
1115,HR_Gas,2050,6,19,24,24,0.0
1116,HR_Gas,2050,7,1,6,25,0.0
1117,HR_Gas,2050,7,7,12,26,0.0
1118,HR_Gas,2050,7,13,18,27,0.0
1119,HR_Gas,2050,7,19,24,28,0.0
1120,HR_Gas,2050,8,1,6,29,0.0
1121,HR_Gas,2050,8,7,12,30,0.0
1122,HR_Gas,2050,8,13,18,31,0.0
1123,HR_Gas,2050,8,19,24,32,0.0
1124,HR_Gas,2050,9,1,6,33,0.0
1125,HR_Gas,2050,9,7,12,34,0.0
1126,HR_Gas,2050,9,13,18,35,0.0
1127,HR_Gas,2050,9,19,24,36,0.0
1128,HR_Gas,2050,10,1,6,37,0.0
1129,HR_Gas,2050,10,7,12,38,0.0
1130,HR_Gas,2050,10,13,18,39,0.0
1131,HR_Gas,2050,10,19,24,40,0.0
1132,HU_Gas,2050,1,7,12,2,0.0
1133,HU_Gas,2050,1,13,18,3,0.0
1134,HU_Gas,2050,1,19,24,4,0.0
1135,HU_Gas,2050,2,1,6,5,0.0
1136,HU_Gas,2050,2,7,12,6,0.0
1137,HU_Gas,2050,2,13,18,7,0.0
1138,HU_Gas,2050,2,19,24,8,0.0
1139,HU_Gas,2050,3,1,6,9,0.0
1140,HU_Gas,2050,3,7,12,10,0.0
1141,HU_Gas,2050,3,13,18,11,0.0
1142,HU_Gas,2050,3,19,24,12,0.0
1143,HU_Gas,2050,4,1,6,13,0.0
1144,HU_Gas,2050,4,7,12,14,0.0
1145,HU_Gas,2050,4,13,18,15,0.0
1146,HU_Gas,2050,4,19,24,16,0.0
1147,HU_Gas,2050,5,1,6,17,0.0
1148,HU_Gas,2050,5,7,12,18,0.0
1149,HU_Gas,2050,5,13,18,19,0.0
1150,HU_Gas,2050,5,19,24,20,0.0
1151,HU_Gas,2050,6,1,6,21,0.0
1152,HU_Gas,2050,6,7,12,22,0.0
1153,HU_Gas,2050,6,13,18,23,0.0
1154,HU_Gas,2050,6,19,24,24,0.0
1155,HU_Gas,2050,7,1,6,25,0.0
1156,HU_Gas,2050,7,7,12,26,0.0
1157,HU_Gas,2050,7,13,18,27,0.0
1158,HU_Gas,2050,7,19,24,28,0.0
1159,HU_Gas,2050,8,1,6,29,0.0
1160,HU_Gas,2050,8,7,12,30,0.0
1161,HU_Gas,2050,8,13,18,31,0.0
1162,HU_Gas,2050,8,19,24,32,0.0
1163,HU_Gas,2050,9,1,6,33,0.0
1164,HU_Gas,2050,9,7,12,34,0.0
1165,HU_Gas,2050,9,13,18,35,0.0
1166,HU_Gas,2050,9,19,24,36,0.0
1167,HU_Gas,2050,10,1,6,37,0.0
1168,HU_Gas,2050,10,7,12,38,0.0
1169,HU_Gas,2050,10,13,18,39,0.0
1170,HU_Gas,2050,10,19,24,40,0.0
1171,HU_Nuclear,2050,1,7,12,2,0.0
1172,HU_Nuclear,2050,1,13,18,3,0.0
1173,HU_Nuclear,2050,1,19,24,4,0.0
1174,HU_Nuclear,2050,2,1,6,5,0.0
1175,HU_Nuclear,2050,2,7,12,6,0.0
1176,HU_Nuclear,2050,2,13,18,7,0.0
1177,HU_Nuclear,2050,2,19,24,8,0.0
1178,HU_Nuclear,2050,3,1,6,9,0.0
1179,HU_Nuclear,2050,3,7,12,10,0.0
1180,HU_Nuclear,2050,3,13,18,11,0.0
1181,HU_Nuclear,2050,3,19,24,12,0.0
1182,HU_Nuclear,2050,4,1,6,13,0.0
1183,HU_Nuclear,2050,4,7,12,14,0.0
1184,HU_Nuclear,2050,4,13,18,15,0.0
1185,HU_Nuclear,2050,4,19,24,16,0.0
1186,HU_Nuclear,2050,5,1,6,17,0.0
1187,HU_Nuclear,2050,5,7,12,18,0.0
1188,HU_Nuclear,2050,5,13,18,19,0.0
1189,HU_Nuclear,2050,5,19,24,20,0.0
1190,HU_Nuclear,2050,6,1,6,21,0.0
1191,HU_Nuclear,2050,6,7,12,22,0.0
1192,HU_Nuclear,2050,6,13,18,23,0.0
1193,HU_Nuclear,2050,6,19,24,24,0.0
1194,HU_Nuclear,2050,7,1,6,25,0.0
1195,HU_Nuclear,2050,7,7,12,26,0.0
1196,HU_Nuclear,2050,7,13,18,27,0.0
1197,HU_Nuclear,2050,7,19,24,28,0.0
1198,HU_Nuclear,2050,8,1,6,29,0.0
1199,HU_Nuclear,2050,8,7,12,30,0.0
1200,HU_Nuclear,2050,8,13,18,31,0.0
1201,HU_Nuclear,2050,8,19,24,32,0.0
1202,HU_Nuclear,2050,9,1,6,33,0.0
1203,HU_Nuclear,2050,9,7,12,34,0.0
1204,HU_Nuclear,2050,9,13,18,35,0.0
1205,HU_Nuclear,2050,9,19,24,36,0.0
1206,HU_Nuclear,2050,10,1,6,37,0.0
1207,HU_Nuclear,2050,10,7,12,38,0.0
1208,HU_Nuclear,2050,10,13,18,39,0.0
1209,HU_Nuclear,2050,10,19,24,40,0.0
1210,HU_OCGT,2050,1,7,12,2,0.0
1211,HU_OCGT,2050,1,13,18,3,0.0
1212,HU_OCGT,2050,1,19,24,4,0.0
1213,HU_OCGT,2050,2,1,6,5,0.0
1214,HU_OCGT,2050,2,7,12,6,0.0
1215,HU_OCGT,2050,2,13,18,7,0.0
1216,HU_OCGT,2050,2,19,24,8,0.0
1217,HU_OCGT,2050,3,1,6,9,0.0
1218,HU_OCGT,2050,3,7,12,10,0.0
1219,HU_OCGT,2050,3,13,18,11,0.0
1220,HU_OCGT,2050,3,19,24,12,0.0
1221,HU_OCGT,2050,4,1,6,13,0.0
1222,HU_OCGT,2050,4,7,12,14,0.0
1223,HU_OCGT,2050,4,13,18,15,0.0
1224,HU_OCGT,2050,4,19,24,16,0.0
1225,HU_OCGT,2050,5,1,6,17,0.0
1226,HU_OCGT,2050,5,7,12,18,0.0
1227,HU_OCGT,2050,5,13,18,19,0.0
1228,HU_OCGT,2050,5,19,24,20,0.0
1229,HU_OCGT,2050,6,1,6,21,0.0
1230,HU_OCGT,2050,6,7,12,22,0.0
1231,HU_OCGT,2050,6,13,18,23,0.0
1232,HU_OCGT,2050,6,19,24,24,0.0
1233,HU_OCGT,2050,7,1,6,25,0.0
1234,HU_OCGT,2050,7,7,12,26,0.0
1235,HU_OCGT,2050,7,13,18,27,0.0
1236,HU_OCGT,2050,7,19,24,28,0.0
1237,HU_OCGT,2050,8,1,6,29,0.0
1238,HU_OCGT,2050,8,7,12,30,0.0
1239,HU_OCGT,2050,8,13,18,31,0.0
1240,HU_OCGT,2050,8,19,24,32,0.0
1241,HU_OCGT,2050,9,1,6,33,0.0
1242,HU_OCGT,2050,9,7,12,34,0.0
1243,HU_OCGT,2050,9,13,18,35,0.0
1244,HU_OCGT,2050,9,19,24,36,0.0
1245,HU_OCGT,2050,10,1,6,37,0.0
1246,HU_OCGT,2050,10,7,12,38,0.0
1247,HU_OCGT,2050,10,13,18,39,0.0
1248,HU_OCGT,2050,10,19,24,40,0.0
1249,IE_Gas,2050,1,7,12,2,0.0
1250,IE_Gas,2050,1,13,18,3,0.0
1251,IE_Gas,2050,1,19,24,4,0.0
1252,IE_Gas,2050,2,1,6,5,0.0
1253,IE_Gas,2050,2,7,12,6,0.0
1254,IE_Gas,2050,2,13,18,7,0.0
1255,IE_Gas,2050,2,19,24,8,0.0
1256,IE_Gas,2050,3,1,6,9,0.0
1257,IE_Gas,2050,3,7,12,10,0.0
1258,IE_Gas,2050,3,13,18,11,0.0
1259,IE_Gas,2050,3,19,24,12,0.0
1260,IE_Gas,2050,4,1,6,13,0.0
1261,IE_Gas,2050,4,7,12,14,0.0
1262,IE_Gas,2050,4,13,18,15,0.0
1263,IE_Gas,2050,4,19,24,16,0.0
1264,IE_Gas,2050,5,1,6,17,0.0
1265,IE_Gas,2050,5,7,12,18,0.0
1266,IE_Gas,2050,5,13,18,19,0.0
1267,IE_Gas,2050,5,19,24,20,0.0
1268,IE_Gas,2050,6,1,6,21,0.0
1269,IE_Gas,2050,6,7,12,22,0.0
1270,IE_Gas,2050,6,13,18,23,0.0
1271,IE_Gas,2050,6,19,24,24,0.0
1272,IE_Gas,2050,7,1,6,25,0.0
1273,IE_Gas,2050,7,7,12,26,0.0
1274,IE_Gas,2050,7,13,18,27,0.0
1275,IE_Gas,2050,7,19,24,28,0.0
1276,IE_Gas,2050,8,1,6,29,0.0
1277,IE_Gas,2050,8,7,12,30,0.0
1278,IE_Gas,2050,8,13,18,31,0.0
1279,IE_Gas,2050,8,19,24,32,0.0
1280,IE_Gas,2050,9,1,6,33,0.0
1281,IE_Gas,2050,9,7,12,34,0.0
1282,IE_Gas,2050,9,13,18,35,0.0
1283,IE_Gas,2050,9,19,24,36,0.0
1284,IE_Gas,2050,10,1,6,37,0.0
1285,IE_Gas,2050,10,7,12,38,0.0
1286,IE_Gas,2050,10,13,18,39,0.0
1287,IE_Gas,2050,10,19,24,40,0.0
1288,IE_OCGT,2050,1,7,12,2,0.0
1289,IE_OCGT,2050,1,13,18,3,0.0
1290,IE_OCGT,2050,1,19,24,4,0.0
1291,IE_OCGT,2050,2,1,6,5,0.0
1292,IE_OCGT,2050,2,7,12,6,0.0
1293,IE_OCGT,2050,2,13,18,7,0.0
1294,IE_OCGT,2050,2,19,24,8,0.0
1295,IE_OCGT,2050,3,1,6,9,0.0
1296,IE_OCGT,2050,3,7,12,10,0.0
1297,IE_OCGT,2050,3,13,18,11,0.0
1298,IE_OCGT,2050,3,19,24,12,0.0
1299,IE_OCGT,2050,4,1,6,13,0.0
1300,IE_OCGT,2050,4,7,12,14,0.0
1301,IE_OCGT,2050,4,13,18,15,0.0
1302,IE_OCGT,2050,4,19,24,16,0.0
1303,IE_OCGT,2050,5,1,6,17,0.0
1304,IE_OCGT,2050,5,7,12,18,0.0
1305,IE_OCGT,2050,5,13,18,19,0.0
1306,IE_OCGT,2050,5,19,24,20,0.0
1307,IE_OCGT,2050,6,1,6,21,0.0
1308,IE_OCGT,2050,6,7,12,22,0.0
1309,IE_OCGT,2050,6,13,18,23,0.0
1310,IE_OCGT,2050,6,19,24,24,0.0
1311,IE_OCGT,2050,7,1,6,25,0.0
1312,IE_OCGT,2050,7,7,12,26,0.0
1313,IE_OCGT,2050,7,13,18,27,0.0
1314,IE_OCGT,2050,7,19,24,28,0.0
1315,IE_OCGT,2050,8,1,6,29,0.0
1316,IE_OCGT,2050,8,7,12,30,0.0
1317,IE_OCGT,2050,8,13,18,31,0.0
1318,IE_OCGT,2050,8,19,24,32,0.0
1319,IE_OCGT,2050,9,1,6,33,0.0
1320,IE_OCGT,2050,9,7,12,34,0.0
1321,IE_OCGT,2050,9,13,18,35,0.0
1322,IE_OCGT,2050,9,19,24,36,0.0
1323,IE_OCGT,2050,10,1,6,37,0.0
1324,IE_OCGT,2050,10,7,12,38,0.0
1325,IE_OCGT,2050,10,13,18,39,0.0
1326,IE_OCGT,2050,10,19,24,40,0.0
1327,IT_Gas,2050,1,7,12,2,0.0
1328,IT_Gas,2050,1,13,18,3,0.0
1329,IT_Gas,2050,1,19,24,4,0.0
1330,IT_Gas,2050,2,1,6,5,0.0
1331,IT_Gas,2050,2,7,12,6,0.0
1332,IT_Gas,2050,2,13,18,7,0.0
1333,IT_Gas,2050,2,19,24,8,0.0
1334,IT_Gas,2050,3,1,6,9,0.0
1335,IT_Gas,2050,3,7,12,10,0.0
1336,IT_Gas,2050,3,13,18,11,0.0
1337,IT_Gas,2050,3,19,24,12,0.0
1338,IT_Gas,2050,4,1,6,13,0.0
1339,IT_Gas,2050,4,7,12,14,0.0
1340,IT_Gas,2050,4,13,18,15,0.0
1341,IT_Gas,2050,4,19,24,16,0.0
1342,IT_Gas,2050,5,1,6,17,0.0
1343,IT_Gas,2050,5,7,12,18,0.0
1344,IT_Gas,2050,5,13,18,19,0.0
1345,IT_Gas,2050,5,19,24,20,0.0
1346,IT_Gas,2050,6,1,6,21,0.0
1347,IT_Gas,2050,6,7,12,22,0.0
1348,IT_Gas,2050,6,13,18,23,0.0
1349,IT_Gas,2050,6,19,24,24,0.0
1350,IT_Gas,2050,7,1,6,25,0.0
1351,IT_Gas,2050,7,7,12,26,0.0
1352,IT_Gas,2050,7,13,18,27,0.0
1353,IT_Gas,2050,7,19,24,28,0.0
1354,IT_Gas,2050,8,1,6,29,0.0
1355,IT_Gas,2050,8,7,12,30,0.0
1356,IT_Gas,2050,8,13,18,31,0.0
1357,IT_Gas,2050,8,19,24,32,0.0
1358,IT_Gas,2050,9,1,6,33,0.0
1359,IT_Gas,2050,9,7,12,34,0.0
1360,IT_Gas,2050,9,13,18,35,0.0
1361,IT_Gas,2050,9,19,24,36,0.0
1362,IT_Gas,2050,10,1,6,37,0.0
1363,IT_Gas,2050,10,7,12,38,0.0
1364,IT_Gas,2050,10,13,18,39,0.0
1365,IT_Gas,2050,10,19,24,40,0.0
1366,IT_OCGT,2050,1,7,12,2,0.0
1367,IT_OCGT,2050,1,13,18,3,0.0
1368,IT_OCGT,2050,1,19,24,4,0.0
1369,IT_OCGT,2050,2,1,6,5,0.0
1370,IT_OCGT,2050,2,7,12,6,0.0
1371,IT_OCGT,2050,2,13,18,7,0.0
1372,IT_OCGT,2050,2,19,24,8,0.0
1373,IT_OCGT,2050,3,1,6,9,0.0
1374,IT_OCGT,2050,3,7,12,10,0.0
1375,IT_OCGT,2050,3,13,18,11,0.0
1376,IT_OCGT,2050,3,19,24,12,0.0
1377,IT_OCGT,2050,4,1,6,13,0.0
1378,IT_OCGT,2050,4,7,12,14,0.0
1379,IT_OCGT,2050,4,13,18,15,0.0
1380,IT_OCGT,2050,4,19,24,16,0.0
1381,IT_OCGT,2050,5,1,6,17,0.0
1382,IT_OCGT,2050,5,7,12,18,0.0
1383,IT_OCGT,2050,5,13,18,19,0.0
1384,IT_OCGT,2050,5,19,24,20,0.0
1385,IT_OCGT,2050,6,1,6,21,0.0
1386,IT_OCGT,2050,6,7,12,22,0.0
1387,IT_OCGT,2050,6,13,18,23,0.0
1388,IT_OCGT,2050,6,19,24,24,0.0
1389,IT_OCGT,2050,7,1,6,25,0.0
1390,IT_OCGT,2050,7,7,12,26,0.0
1391,IT_OCGT,2050,7,13,18,27,0.0
1392,IT_OCGT,2050,7,19,24,28,0.0
1393,IT_OCGT,2050,8,1,6,29,0.0
1394,IT_OCGT,2050,8,7,12,30,0.0
1395,IT_OCGT,2050,8,13,18,31,0.0
1396,IT_OCGT,2050,8,19,24,32,0.0
1397,IT_OCGT,2050,9,1,6,33,0.0
1398,IT_OCGT,2050,9,7,12,34,0.0
1399,IT_OCGT,2050,9,13,18,35,0.0
1400,IT_OCGT,2050,9,19,24,36,0.0
1401,IT_OCGT,2050,10,1,6,37,0.0
1402,IT_OCGT,2050,10,7,12,38,0.0
1403,IT_OCGT,2050,10,13,18,39,0.0
1404,IT_OCGT,2050,10,19,24,40,0.0
1405,LT_Gas,2050,1,7,12,2,0.0
1406,LT_Gas,2050,1,13,18,3,0.0
1407,LT_Gas,2050,1,19,24,4,0.0
1408,LT_Gas,2050,2,1,6,5,0.0
1409,LT_Gas,2050,2,7,12,6,0.0
1410,LT_Gas,2050,2,13,18,7,0.0
1411,LT_Gas,2050,2,19,24,8,0.0
1412,LT_Gas,2050,3,1,6,9,0.0
1413,LT_Gas,2050,3,7,12,10,0.0
1414,LT_Gas,2050,3,13,18,11,0.0
1415,LT_Gas,2050,3,19,24,12,0.0
1416,LT_Gas,2050,4,1,6,13,0.0
1417,LT_Gas,2050,4,7,12,14,0.0
1418,LT_Gas,2050,4,13,18,15,0.0
1419,LT_Gas,2050,4,19,24,16,0.0
1420,LT_Gas,2050,5,1,6,17,0.0
1421,LT_Gas,2050,5,7,12,18,0.0
1422,LT_Gas,2050,5,13,18,19,0.0
1423,LT_Gas,2050,5,19,24,20,0.0
1424,LT_Gas,2050,6,1,6,21,0.0
1425,LT_Gas,2050,6,7,12,22,0.0
1426,LT_Gas,2050,6,13,18,23,0.0
1427,LT_Gas,2050,6,19,24,24,0.0
1428,LT_Gas,2050,7,1,6,25,0.0
1429,LT_Gas,2050,7,7,12,26,0.0
1430,LT_Gas,2050,7,13,18,27,0.0
1431,LT_Gas,2050,7,19,24,28,0.0
1432,LT_Gas,2050,8,1,6,29,0.0
1433,LT_Gas,2050,8,7,12,30,0.0
1434,LT_Gas,2050,8,13,18,31,0.0
1435,LT_Gas,2050,8,19,24,32,0.0
1436,LT_Gas,2050,9,1,6,33,0.0
1437,LT_Gas,2050,9,7,12,34,0.0
1438,LT_Gas,2050,9,13,18,35,0.0
1439,LT_Gas,2050,9,19,24,36,0.0
1440,LT_Gas,2050,10,1,6,37,0.0
1441,LT_Gas,2050,10,7,12,38,0.0
1442,LT_Gas,2050,10,13,18,39,0.0
1443,LT_Gas,2050,10,19,24,40,0.0
1444,LV_Gas,2050,1,7,12,2,0.0
1445,LV_Gas,2050,1,13,18,3,0.0
1446,LV_Gas,2050,1,19,24,4,0.0
1447,LV_Gas,2050,2,1,6,5,0.0
1448,LV_Gas,2050,2,7,12,6,0.0
1449,LV_Gas,2050,2,13,18,7,0.0
1450,LV_Gas,2050,2,19,24,8,0.0
1451,LV_Gas,2050,3,1,6,9,0.0
1452,LV_Gas,2050,3,7,12,10,0.0
1453,LV_Gas,2050,3,13,18,11,0.0
1454,LV_Gas,2050,3,19,24,12,0.0
1455,LV_Gas,2050,4,1,6,13,0.0
1456,LV_Gas,2050,4,7,12,14,0.0
1457,LV_Gas,2050,4,13,18,15,0.0
1458,LV_Gas,2050,4,19,24,16,0.0
1459,LV_Gas,2050,5,1,6,17,0.0
1460,LV_Gas,2050,5,7,12,18,0.0
1461,LV_Gas,2050,5,13,18,19,0.0
1462,LV_Gas,2050,5,19,24,20,0.0
1463,LV_Gas,2050,6,1,6,21,0.0
1464,LV_Gas,2050,6,7,12,22,0.0
1465,LV_Gas,2050,6,13,18,23,0.0
1466,LV_Gas,2050,6,19,24,24,0.0
1467,LV_Gas,2050,7,1,6,25,0.0
1468,LV_Gas,2050,7,7,12,26,0.0
1469,LV_Gas,2050,7,13,18,27,0.0
1470,LV_Gas,2050,7,19,24,28,0.0
1471,LV_Gas,2050,8,1,6,29,0.0
1472,LV_Gas,2050,8,7,12,30,0.0
1473,LV_Gas,2050,8,13,18,31,0.0
1474,LV_Gas,2050,8,19,24,32,0.0
1475,LV_Gas,2050,9,1,6,33,0.0
1476,LV_Gas,2050,9,7,12,34,0.0
1477,LV_Gas,2050,9,13,18,35,0.0
1478,LV_Gas,2050,9,19,24,36,0.0
1479,LV_Gas,2050,10,1,6,37,0.0
1480,LV_Gas,2050,10,7,12,38,0.0
1481,LV_Gas,2050,10,13,18,39,0.0
1482,LV_Gas,2050,10,19,24,40,0.0
1483,MT_Gas,2050,1,7,12,2,0.0
1484,MT_Gas,2050,1,13,18,3,0.0
1485,MT_Gas,2050,1,19,24,4,0.0
1486,MT_Gas,2050,2,1,6,5,0.0
1487,MT_Gas,2050,2,7,12,6,0.0
1488,MT_Gas,2050,2,13,18,7,0.0
1489,MT_Gas,2050,2,19,24,8,0.0
1490,MT_Gas,2050,3,1,6,9,0.0
1491,MT_Gas,2050,3,7,12,10,0.0
1492,MT_Gas,2050,3,13,18,11,0.0
1493,MT_Gas,2050,3,19,24,12,0.0
1494,MT_Gas,2050,4,1,6,13,0.0
1495,MT_Gas,2050,4,7,12,14,0.0
1496,MT_Gas,2050,4,13,18,15,0.0
1497,MT_Gas,2050,4,19,24,16,0.0
1498,MT_Gas,2050,5,1,6,17,0.0
1499,MT_Gas,2050,5,7,12,18,0.0
1500,MT_Gas,2050,5,13,18,19,0.0
1501,MT_Gas,2050,5,19,24,20,0.0
1502,MT_Gas,2050,6,1,6,21,0.0
1503,MT_Gas,2050,6,7,12,22,0.0
1504,MT_Gas,2050,6,13,18,23,0.0
1505,MT_Gas,2050,6,19,24,24,0.0
1506,MT_Gas,2050,7,1,6,25,0.0
1507,MT_Gas,2050,7,7,12,26,0.0
1508,MT_Gas,2050,7,13,18,27,0.0
1509,MT_Gas,2050,7,19,24,28,0.0
1510,MT_Gas,2050,8,1,6,29,0.0
1511,MT_Gas,2050,8,7,12,30,0.0
1512,MT_Gas,2050,8,13,18,31,0.0
1513,MT_Gas,2050,8,19,24,32,0.0
1514,MT_Gas,2050,9,1,6,33,0.0
1515,MT_Gas,2050,9,7,12,34,0.0
1516,MT_Gas,2050,9,13,18,35,0.0
1517,MT_Gas,2050,9,19,24,36,0.0
1518,MT_Gas,2050,10,1,6,37,0.0
1519,MT_Gas,2050,10,7,12,38,0.0
1520,MT_Gas,2050,10,13,18,39,0.0
1521,MT_Gas,2050,10,19,24,40,0.0
1522,NL_Gas,2050,1,7,12,2,0.0
1523,NL_Gas,2050,1,13,18,3,0.0
1524,NL_Gas,2050,1,19,24,4,0.0
1525,NL_Gas,2050,2,1,6,5,0.0
1526,NL_Gas,2050,2,7,12,6,0.0
1527,NL_Gas,2050,2,13,18,7,0.0
1528,NL_Gas,2050,2,19,24,8,0.0
1529,NL_Gas,2050,3,1,6,9,0.0
1530,NL_Gas,2050,3,7,12,10,0.0
1531,NL_Gas,2050,3,13,18,11,0.0
1532,NL_Gas,2050,3,19,24,12,0.0
1533,NL_Gas,2050,4,1,6,13,0.0
1534,NL_Gas,2050,4,7,12,14,0.0
1535,NL_Gas,2050,4,13,18,15,0.0
1536,NL_Gas,2050,4,19,24,16,0.0
1537,NL_Gas,2050,5,1,6,17,0.0
1538,NL_Gas,2050,5,7,12,18,0.0
1539,NL_Gas,2050,5,13,18,19,0.0
1540,NL_Gas,2050,5,19,24,20,0.0
1541,NL_Gas,2050,6,1,6,21,0.0
1542,NL_Gas,2050,6,7,12,22,0.0
1543,NL_Gas,2050,6,13,18,23,0.0
1544,NL_Gas,2050,6,19,24,24,0.0
1545,NL_Gas,2050,7,1,6,25,0.0
1546,NL_Gas,2050,7,7,12,26,0.0
1547,NL_Gas,2050,7,13,18,27,0.0
1548,NL_Gas,2050,7,19,24,28,0.0
1549,NL_Gas,2050,8,1,6,29,0.0
1550,NL_Gas,2050,8,7,12,30,0.0
1551,NL_Gas,2050,8,13,18,31,0.0
1552,NL_Gas,2050,8,19,24,32,0.0
1553,NL_Gas,2050,9,1,6,33,0.0
1554,NL_Gas,2050,9,7,12,34,0.0
1555,NL_Gas,2050,9,13,18,35,0.0
1556,NL_Gas,2050,9,19,24,36,0.0
1557,NL_Gas,2050,10,1,6,37,0.0
1558,NL_Gas,2050,10,7,12,38,0.0
1559,NL_Gas,2050,10,13,18,39,0.0
1560,NL_Gas,2050,10,19,24,40,0.0
1561,NL_OCGT,2050,1,7,12,2,0.0
1562,NL_OCGT,2050,1,13,18,3,0.0
1563,NL_OCGT,2050,1,19,24,4,0.0
1564,NL_OCGT,2050,2,1,6,5,0.0
1565,NL_OCGT,2050,2,7,12,6,0.0
1566,NL_OCGT,2050,2,13,18,7,0.0
1567,NL_OCGT,2050,2,19,24,8,0.0
1568,NL_OCGT,2050,3,1,6,9,0.0
1569,NL_OCGT,2050,3,7,12,10,0.0
1570,NL_OCGT,2050,3,13,18,11,0.0
1571,NL_OCGT,2050,3,19,24,12,0.0
1572,NL_OCGT,2050,4,1,6,13,0.0
1573,NL_OCGT,2050,4,7,12,14,0.0
1574,NL_OCGT,2050,4,13,18,15,0.0
1575,NL_OCGT,2050,4,19,24,16,0.0
1576,NL_OCGT,2050,5,1,6,17,0.0
1577,NL_OCGT,2050,5,7,12,18,0.0
1578,NL_OCGT,2050,5,13,18,19,0.0
1579,NL_OCGT,2050,5,19,24,20,0.0
1580,NL_OCGT,2050,6,1,6,21,0.0
1581,NL_OCGT,2050,6,7,12,22,0.0
1582,NL_OCGT,2050,6,13,18,23,0.0
1583,NL_OCGT,2050,6,19,24,24,0.0
1584,NL_OCGT,2050,7,1,6,25,0.0
1585,NL_OCGT,2050,7,7,12,26,0.0
1586,NL_OCGT,2050,7,13,18,27,0.0
1587,NL_OCGT,2050,7,19,24,28,0.0
1588,NL_OCGT,2050,8,1,6,29,0.0
1589,NL_OCGT,2050,8,7,12,30,0.0
1590,NL_OCGT,2050,8,13,18,31,0.0
1591,NL_OCGT,2050,8,19,24,32,0.0
1592,NL_OCGT,2050,9,1,6,33,0.0
1593,NL_OCGT,2050,9,7,12,34,0.0
1594,NL_OCGT,2050,9,13,18,35,0.0
1595,NL_OCGT,2050,9,19,24,36,0.0
1596,NL_OCGT,2050,10,1,6,37,0.0
1597,NL_OCGT,2050,10,7,12,38,0.0
1598,NL_OCGT,2050,10,13,18,39,0.0
1599,NL_OCGT,2050,10,19,24,40,0.0
1600,PL_Coal,2050,1,7,12,2,0.0
1601,PL_Coal,2050,1,13,18,3,0.0
1602,PL_Coal,2050,1,19,24,4,0.0
1603,PL_Coal,2050,2,1,6,5,0.0
1604,PL_Coal,2050,2,7,12,6,0.0
1605,PL_Coal,2050,2,13,18,7,0.0
1606,PL_Coal,2050,2,19,24,8,0.0
1607,PL_Coal,2050,3,1,6,9,0.0
1608,PL_Coal,2050,3,7,12,10,0.0
1609,PL_Coal,2050,3,13,18,11,0.0
1610,PL_Coal,2050,3,19,24,12,0.0
1611,PL_Coal,2050,4,1,6,13,0.0
1612,PL_Coal,2050,4,7,12,14,0.0
1613,PL_Coal,2050,4,13,18,15,0.0
1614,PL_Coal,2050,4,19,24,16,0.0
1615,PL_Coal,2050,5,1,6,17,0.0
1616,PL_Coal,2050,5,7,12,18,0.0
1617,PL_Coal,2050,5,13,18,19,0.0
1618,PL_Coal,2050,5,19,24,20,0.0
1619,PL_Coal,2050,6,1,6,21,0.0
1620,PL_Coal,2050,6,7,12,22,0.0
1621,PL_Coal,2050,6,13,18,23,0.0
1622,PL_Coal,2050,6,19,24,24,0.0
1623,PL_Coal,2050,7,1,6,25,0.0
1624,PL_Coal,2050,7,7,12,26,0.0
1625,PL_Coal,2050,7,13,18,27,0.0
1626,PL_Coal,2050,7,19,24,28,0.0
1627,PL_Coal,2050,8,1,6,29,0.0
1628,PL_Coal,2050,8,7,12,30,0.0
1629,PL_Coal,2050,8,13,18,31,0.0
1630,PL_Coal,2050,8,19,24,32,0.0
1631,PL_Coal,2050,9,1,6,33,0.0
1632,PL_Coal,2050,9,7,12,34,0.0
1633,PL_Coal,2050,9,13,18,35,0.0
1634,PL_Coal,2050,9,19,24,36,0.0
1635,PL_Coal,2050,10,1,6,37,0.0
1636,PL_Coal,2050,10,7,12,38,0.0
1637,PL_Coal,2050,10,13,18,39,0.0
1638,PL_Coal,2050,10,19,24,40,0.0
1639,PL_Gas,2050,1,7,12,2,0.0
1640,PL_Gas,2050,1,13,18,3,0.0
1641,PL_Gas,2050,1,19,24,4,0.0
1642,PL_Gas,2050,2,1,6,5,0.0
1643,PL_Gas,2050,2,7,12,6,0.0
1644,PL_Gas,2050,2,13,18,7,0.0
1645,PL_Gas,2050,2,19,24,8,0.0
1646,PL_Gas,2050,3,1,6,9,0.0
1647,PL_Gas,2050,3,7,12,10,0.0
1648,PL_Gas,2050,3,13,18,11,0.0
1649,PL_Gas,2050,3,19,24,12,0.0
1650,PL_Gas,2050,4,1,6,13,0.0
1651,PL_Gas,2050,4,7,12,14,0.0
1652,PL_Gas,2050,4,13,18,15,0.0
1653,PL_Gas,2050,4,19,24,16,0.0
1654,PL_Gas,2050,5,1,6,17,0.0
1655,PL_Gas,2050,5,7,12,18,0.0
1656,PL_Gas,2050,5,13,18,19,0.0
1657,PL_Gas,2050,5,19,24,20,0.0
1658,PL_Gas,2050,6,1,6,21,0.0
1659,PL_Gas,2050,6,7,12,22,0.0
1660,PL_Gas,2050,6,13,18,23,0.0
1661,PL_Gas,2050,6,19,24,24,0.0
1662,PL_Gas,2050,7,1,6,25,0.0
1663,PL_Gas,2050,7,7,12,26,0.0
1664,PL_Gas,2050,7,13,18,27,0.0
1665,PL_Gas,2050,7,19,24,28,0.0
1666,PL_Gas,2050,8,1,6,29,0.0
1667,PL_Gas,2050,8,7,12,30,0.0
1668,PL_Gas,2050,8,13,18,31,0.0
1669,PL_Gas,2050,8,19,24,32,0.0
1670,PL_Gas,2050,9,1,6,33,0.0
1671,PL_Gas,2050,9,7,12,34,0.0
1672,PL_Gas,2050,9,13,18,35,0.0
1673,PL_Gas,2050,9,19,24,36,0.0
1674,PL_Gas,2050,10,1,6,37,0.0
1675,PL_Gas,2050,10,7,12,38,0.0
1676,PL_Gas,2050,10,13,18,39,0.0
1677,PL_Gas,2050,10,19,24,40,0.0
1678,PT_Gas,2050,1,7,12,2,0.0
1679,PT_Gas,2050,1,13,18,3,0.0
1680,PT_Gas,2050,1,19,24,4,0.0
1681,PT_Gas,2050,2,1,6,5,0.0
1682,PT_Gas,2050,2,7,12,6,0.0
1683,PT_Gas,2050,2,13,18,7,0.0
1684,PT_Gas,2050,2,19,24,8,0.0
1685,PT_Gas,2050,3,1,6,9,0.0
1686,PT_Gas,2050,3,7,12,10,0.0
1687,PT_Gas,2050,3,13,18,11,0.0
1688,PT_Gas,2050,3,19,24,12,0.0
1689,PT_Gas,2050,4,1,6,13,0.0
1690,PT_Gas,2050,4,7,12,14,0.0
1691,PT_Gas,2050,4,13,18,15,0.0
1692,PT_Gas,2050,4,19,24,16,0.0
1693,PT_Gas,2050,5,1,6,17,0.0
1694,PT_Gas,2050,5,7,12,18,0.0
1695,PT_Gas,2050,5,13,18,19,0.0
1696,PT_Gas,2050,5,19,24,20,0.0
1697,PT_Gas,2050,6,1,6,21,0.0
1698,PT_Gas,2050,6,7,12,22,0.0
1699,PT_Gas,2050,6,13,18,23,0.0
1700,PT_Gas,2050,6,19,24,24,0.0
1701,PT_Gas,2050,7,1,6,25,0.0
1702,PT_Gas,2050,7,7,12,26,0.0
1703,PT_Gas,2050,7,13,18,27,0.0
1704,PT_Gas,2050,7,19,24,28,0.0
1705,PT_Gas,2050,8,1,6,29,0.0
1706,PT_Gas,2050,8,7,12,30,0.0
1707,PT_Gas,2050,8,13,18,31,0.0
1708,PT_Gas,2050,8,19,24,32,0.0
1709,PT_Gas,2050,9,1,6,33,0.0
1710,PT_Gas,2050,9,7,12,34,0.0
1711,PT_Gas,2050,9,13,18,35,0.0
1712,PT_Gas,2050,9,19,24,36,0.0
1713,PT_Gas,2050,10,1,6,37,0.0
1714,PT_Gas,2050,10,7,12,38,0.0
1715,PT_Gas,2050,10,13,18,39,0.0
1716,PT_Gas,2050,10,19,24,40,0.0
1717,RO_Coal,2050,1,7,12,2,0.0
1718,RO_Coal,2050,1,13,18,3,0.0
1719,RO_Coal,2050,1,19,24,4,0.0
1720,RO_Coal,2050,2,1,6,5,0.0
1721,RO_Coal,2050,2,7,12,6,0.0
1722,RO_Coal,2050,2,13,18,7,0.0
1723,RO_Coal,2050,2,19,24,8,0.0
1724,RO_Coal,2050,3,1,6,9,0.0
1725,RO_Coal,2050,3,7,12,10,0.0
1726,RO_Coal,2050,3,13,18,11,0.0
1727,RO_Coal,2050,3,19,24,12,0.0
1728,RO_Coal,2050,4,1,6,13,0.0
1729,RO_Coal,2050,4,7,12,14,0.0
1730,RO_Coal,2050,4,13,18,15,0.0
1731,RO_Coal,2050,4,19,24,16,0.0
1732,RO_Coal,2050,5,1,6,17,0.0
1733,RO_Coal,2050,5,7,12,18,0.0
1734,RO_Coal,2050,5,13,18,19,0.0
1735,RO_Coal,2050,5,19,24,20,0.0
1736,RO_Coal,2050,6,1,6,21,0.0
1737,RO_Coal,2050,6,7,12,22,0.0
1738,RO_Coal,2050,6,13,18,23,0.0
1739,RO_Coal,2050,6,19,24,24,0.0
1740,RO_Coal,2050,7,1,6,25,0.0
1741,RO_Coal,2050,7,7,12,26,0.0
1742,RO_Coal,2050,7,13,18,27,0.0
1743,RO_Coal,2050,7,19,24,28,0.0
1744,RO_Coal,2050,8,1,6,29,0.0
1745,RO_Coal,2050,8,7,12,30,0.0
1746,RO_Coal,2050,8,13,18,31,0.0
1747,RO_Coal,2050,8,19,24,32,0.0
1748,RO_Coal,2050,9,1,6,33,0.0
1749,RO_Coal,2050,9,7,12,34,0.0
1750,RO_Coal,2050,9,13,18,35,0.0
1751,RO_Coal,2050,9,19,24,36,0.0
1752,RO_Coal,2050,10,1,6,37,0.0
1753,RO_Coal,2050,10,7,12,38,0.0
1754,RO_Coal,2050,10,13,18,39,0.0
1755,RO_Coal,2050,10,19,24,40,0.0
1756,RO_Gas,2050,1,7,12,2,0.0
1757,RO_Gas,2050,1,13,18,3,0.0
1758,RO_Gas,2050,1,19,24,4,0.0
1759,RO_Gas,2050,2,1,6,5,0.0
1760,RO_Gas,2050,2,7,12,6,0.0
1761,RO_Gas,2050,2,13,18,7,0.0
1762,RO_Gas,2050,2,19,24,8,0.0
1763,RO_Gas,2050,3,1,6,9,0.0
1764,RO_Gas,2050,3,7,12,10,0.0
1765,RO_Gas,2050,3,13,18,11,0.0
1766,RO_Gas,2050,3,19,24,12,0.0
1767,RO_Gas,2050,4,1,6,13,0.0
1768,RO_Gas,2050,4,7,12,14,0.0
1769,RO_Gas,2050,4,13,18,15,0.0
1770,RO_Gas,2050,4,19,24,16,0.0
1771,RO_Gas,2050,5,1,6,17,0.0
1772,RO_Gas,2050,5,7,12,18,0.0
1773,RO_Gas,2050,5,13,18,19,0.0
1774,RO_Gas,2050,5,19,24,20,0.0
1775,RO_Gas,2050,6,1,6,21,0.0
1776,RO_Gas,2050,6,7,12,22,0.0
1777,RO_Gas,2050,6,13,18,23,0.0
1778,RO_Gas,2050,6,19,24,24,0.0
1779,RO_Gas,2050,7,1,6,25,0.0
1780,RO_Gas,2050,7,7,12,26,0.0
1781,RO_Gas,2050,7,13,18,27,0.0
1782,RO_Gas,2050,7,19,24,28,0.0
1783,RO_Gas,2050,8,1,6,29,0.0
1784,RO_Gas,2050,8,7,12,30,0.0
1785,RO_Gas,2050,8,13,18,31,0.0
1786,RO_Gas,2050,8,19,24,32,0.0
1787,RO_Gas,2050,9,1,6,33,0.0
1788,RO_Gas,2050,9,7,12,34,0.0
1789,RO_Gas,2050,9,13,18,35,0.0
1790,RO_Gas,2050,9,19,24,36,0.0
1791,RO_Gas,2050,10,1,6,37,0.0
1792,RO_Gas,2050,10,7,12,38,0.0
1793,RO_Gas,2050,10,13,18,39,0.0
1794,RO_Gas,2050,10,19,24,40,0.0
1795,RO_Nuclear,2050,1,7,12,2,0.0
1796,RO_Nuclear,2050,1,13,18,3,0.0
1797,RO_Nuclear,2050,1,19,24,4,0.0
1798,RO_Nuclear,2050,2,1,6,5,0.0
1799,RO_Nuclear,2050,2,7,12,6,0.0
1800,RO_Nuclear,2050,2,13,18,7,0.0
1801,RO_Nuclear,2050,2,19,24,8,0.0
1802,RO_Nuclear,2050,3,1,6,9,0.0
1803,RO_Nuclear,2050,3,7,12,10,0.0
1804,RO_Nuclear,2050,3,13,18,11,0.0
1805,RO_Nuclear,2050,3,19,24,12,0.0
1806,RO_Nuclear,2050,4,1,6,13,0.0
1807,RO_Nuclear,2050,4,7,12,14,0.0
1808,RO_Nuclear,2050,4,13,18,15,0.0
1809,RO_Nuclear,2050,4,19,24,16,0.0
1810,RO_Nuclear,2050,5,1,6,17,0.0
1811,RO_Nuclear,2050,5,7,12,18,0.0
1812,RO_Nuclear,2050,5,13,18,19,0.0
1813,RO_Nuclear,2050,5,19,24,20,0.0
1814,RO_Nuclear,2050,6,1,6,21,0.0
1815,RO_Nuclear,2050,6,7,12,22,0.0
1816,RO_Nuclear,2050,6,13,18,23,0.0
1817,RO_Nuclear,2050,6,19,24,24,0.0
1818,RO_Nuclear,2050,7,1,6,25,0.0
1819,RO_Nuclear,2050,7,7,12,26,0.0
1820,RO_Nuclear,2050,7,13,18,27,0.0
1821,RO_Nuclear,2050,7,19,24,28,0.0
1822,RO_Nuclear,2050,8,1,6,29,0.0
1823,RO_Nuclear,2050,8,7,12,30,0.0
1824,RO_Nuclear,2050,8,13,18,31,0.0
1825,RO_Nuclear,2050,8,19,24,32,0.0
1826,RO_Nuclear,2050,9,1,6,33,0.0
1827,RO_Nuclear,2050,9,7,12,34,0.0
1828,RO_Nuclear,2050,9,13,18,35,0.0
1829,RO_Nuclear,2050,9,19,24,36,0.0
1830,RO_Nuclear,2050,10,1,6,37,0.0
1831,RO_Nuclear,2050,10,7,12,38,0.0
1832,RO_Nuclear,2050,10,13,18,39,0.0
1833,RO_Nuclear,2050,10,19,24,40,0.0
1834,RO_OCGT,2050,1,7,12,2,0.0
1835,RO_OCGT,2050,1,13,18,3,0.0
1836,RO_OCGT,2050,1,19,24,4,0.0
1837,RO_OCGT,2050,2,1,6,5,0.0
1838,RO_OCGT,2050,2,7,12,6,0.0
1839,RO_OCGT,2050,2,13,18,7,0.0
1840,RO_OCGT,2050,2,19,24,8,0.0
1841,RO_OCGT,2050,3,1,6,9,0.0
1842,RO_OCGT,2050,3,7,12,10,0.0
1843,RO_OCGT,2050,3,13,18,11,0.0
1844,RO_OCGT,2050,3,19,24,12,0.0
1845,RO_OCGT,2050,4,1,6,13,0.0
1846,RO_OCGT,2050,4,7,12,14,0.0
1847,RO_OCGT,2050,4,13,18,15,0.0
1848,RO_OCGT,2050,4,19,24,16,0.0
1849,RO_OCGT,2050,5,1,6,17,0.0
1850,RO_OCGT,2050,5,7,12,18,0.0
1851,RO_OCGT,2050,5,13,18,19,0.0
1852,RO_OCGT,2050,5,19,24,20,0.0
1853,RO_OCGT,2050,6,1,6,21,0.0
1854,RO_OCGT,2050,6,7,12,22,0.0
1855,RO_OCGT,2050,6,13,18,23,0.0
1856,RO_OCGT,2050,6,19,24,24,0.0
1857,RO_OCGT,2050,7,1,6,25,0.0
1858,RO_OCGT,2050,7,7,12,26,0.0
1859,RO_OCGT,2050,7,13,18,27,0.0
1860,RO_OCGT,2050,7,19,24,28,0.0
1861,RO_OCGT,2050,8,1,6,29,0.0
1862,RO_OCGT,2050,8,7,12,30,0.0
1863,RO_OCGT,2050,8,13,18,31,0.0
1864,RO_OCGT,2050,8,19,24,32,0.0
1865,RO_OCGT,2050,9,1,6,33,0.0
1866,RO_OCGT,2050,9,7,12,34,0.0
1867,RO_OCGT,2050,9,13,18,35,0.0
1868,RO_OCGT,2050,9,19,24,36,0.0
1869,RO_OCGT,2050,10,1,6,37,0.0
1870,RO_OCGT,2050,10,7,12,38,0.0
1871,RO_OCGT,2050,10,13,18,39,0.0
1872,RO_OCGT,2050,10,19,24,40,0.0
1873,SE_Gas,2050,1,7,12,2,0.0
1874,SE_Gas,2050,1,13,18,3,0.0
1875,SE_Gas,2050,1,19,24,4,0.0
1876,SE_Gas,2050,2,1,6,5,0.0
1877,SE_Gas,2050,2,7,12,6,0.0
1878,SE_Gas,2050,2,13,18,7,0.0
1879,SE_Gas,2050,2,19,24,8,0.0
1880,SE_Gas,2050,3,1,6,9,0.0
1881,SE_Gas,2050,3,7,12,10,0.0
1882,SE_Gas,2050,3,13,18,11,0.0
1883,SE_Gas,2050,3,19,24,12,0.0
1884,SE_Gas,2050,4,1,6,13,0.0
1885,SE_Gas,2050,4,7,12,14,0.0
1886,SE_Gas,2050,4,13,18,15,0.0
1887,SE_Gas,2050,4,19,24,16,0.0
1888,SE_Gas,2050,5,1,6,17,0.0
1889,SE_Gas,2050,5,7,12,18,0.0
1890,SE_Gas,2050,5,13,18,19,0.0
1891,SE_Gas,2050,5,19,24,20,0.0
1892,SE_Gas,2050,6,1,6,21,0.0
1893,SE_Gas,2050,6,7,12,22,0.0
1894,SE_Gas,2050,6,13,18,23,0.0
1895,SE_Gas,2050,6,19,24,24,0.0
1896,SE_Gas,2050,7,1,6,25,0.0
1897,SE_Gas,2050,7,7,12,26,0.0
1898,SE_Gas,2050,7,13,18,27,0.0
1899,SE_Gas,2050,7,19,24,28,0.0
1900,SE_Gas,2050,8,1,6,29,0.0
1901,SE_Gas,2050,8,7,12,30,0.0
1902,SE_Gas,2050,8,13,18,31,0.0
1903,SE_Gas,2050,8,19,24,32,0.0
1904,SE_Gas,2050,9,1,6,33,0.0
1905,SE_Gas,2050,9,7,12,34,0.0
1906,SE_Gas,2050,9,13,18,35,0.0
1907,SE_Gas,2050,9,19,24,36,0.0
1908,SE_Gas,2050,10,1,6,37,0.0
1909,SE_Gas,2050,10,7,12,38,0.0
1910,SE_Gas,2050,10,13,18,39,0.0
1911,SE_Gas,2050,10,19,24,40,0.0
1912,SE_Nuclear,2050,1,7,12,2,0.0
1913,SE_Nuclear,2050,1,13,18,3,0.0
1914,SE_Nuclear,2050,1,19,24,4,0.0
1915,SE_Nuclear,2050,2,1,6,5,0.0
1916,SE_Nuclear,2050,2,7,12,6,0.0
1917,SE_Nuclear,2050,2,13,18,7,0.0
1918,SE_Nuclear,2050,2,19,24,8,0.0
1919,SE_Nuclear,2050,3,1,6,9,0.0
1920,SE_Nuclear,2050,3,7,12,10,0.0
1921,SE_Nuclear,2050,3,13,18,11,0.0
1922,SE_Nuclear,2050,3,19,24,12,0.0
1923,SE_Nuclear,2050,4,1,6,13,0.0
1924,SE_Nuclear,2050,4,7,12,14,0.0
1925,SE_Nuclear,2050,4,13,18,15,0.0
1926,SE_Nuclear,2050,4,19,24,16,0.0
1927,SE_Nuclear,2050,5,1,6,17,0.0
1928,SE_Nuclear,2050,5,7,12,18,0.0
1929,SE_Nuclear,2050,5,13,18,19,0.0
1930,SE_Nuclear,2050,5,19,24,20,0.0
1931,SE_Nuclear,2050,6,1,6,21,0.0
1932,SE_Nuclear,2050,6,7,12,22,0.0
1933,SE_Nuclear,2050,6,13,18,23,0.0
1934,SE_Nuclear,2050,6,19,24,24,0.0
1935,SE_Nuclear,2050,7,1,6,25,0.0
1936,SE_Nuclear,2050,7,7,12,26,0.0
1937,SE_Nuclear,2050,7,13,18,27,0.0
1938,SE_Nuclear,2050,7,19,24,28,0.0
1939,SE_Nuclear,2050,8,1,6,29,0.0
1940,SE_Nuclear,2050,8,7,12,30,0.0
1941,SE_Nuclear,2050,8,13,18,31,0.0
1942,SE_Nuclear,2050,8,19,24,32,0.0
1943,SE_Nuclear,2050,9,1,6,33,0.0
1944,SE_Nuclear,2050,9,7,12,34,0.0
1945,SE_Nuclear,2050,9,13,18,35,0.0
1946,SE_Nuclear,2050,9,19,24,36,0.0
1947,SE_Nuclear,2050,10,1,6,37,0.0
1948,SE_Nuclear,2050,10,7,12,38,0.0
1949,SE_Nuclear,2050,10,13,18,39,0.0
1950,SE_Nuclear,2050,10,19,24,40,0.0
1951,SE_OCGT,2050,1,7,12,2,0.0
1952,SE_OCGT,2050,1,13,18,3,0.0
1953,SE_OCGT,2050,1,19,24,4,0.0
1954,SE_OCGT,2050,2,1,6,5,0.0
1955,SE_OCGT,2050,2,7,12,6,0.0
1956,SE_OCGT,2050,2,13,18,7,0.0
1957,SE_OCGT,2050,2,19,24,8,0.0
1958,SE_OCGT,2050,3,1,6,9,0.0
1959,SE_OCGT,2050,3,7,12,10,0.0
1960,SE_OCGT,2050,3,13,18,11,0.0
1961,SE_OCGT,2050,3,19,24,12,0.0
1962,SE_OCGT,2050,4,1,6,13,0.0
1963,SE_OCGT,2050,4,7,12,14,0.0
1964,SE_OCGT,2050,4,13,18,15,0.0
1965,SE_OCGT,2050,4,19,24,16,0.0
1966,SE_OCGT,2050,5,1,6,17,0.0
1967,SE_OCGT,2050,5,7,12,18,0.0
1968,SE_OCGT,2050,5,13,18,19,0.0
1969,SE_OCGT,2050,5,19,24,20,0.0
1970,SE_OCGT,2050,6,1,6,21,0.0
1971,SE_OCGT,2050,6,7,12,22,0.0
1972,SE_OCGT,2050,6,13,18,23,0.0
1973,SE_OCGT,2050,6,19,24,24,0.0
1974,SE_OCGT,2050,7,1,6,25,0.0
1975,SE_OCGT,2050,7,7,12,26,0.0
1976,SE_OCGT,2050,7,13,18,27,0.0
1977,SE_OCGT,2050,7,19,24,28,0.0
1978,SE_OCGT,2050,8,1,6,29,0.0
1979,SE_OCGT,2050,8,7,12,30,0.0
1980,SE_OCGT,2050,8,13,18,31,0.0
1981,SE_OCGT,2050,8,19,24,32,0.0
1982,SE_OCGT,2050,9,1,6,33,0.0
1983,SE_OCGT,2050,9,7,12,34,0.0
1984,SE_OCGT,2050,9,13,18,35,0.0
1985,SE_OCGT,2050,9,19,24,36,0.0
1986,SE_OCGT,2050,10,1,6,37,0.0
1987,SE_OCGT,2050,10,7,12,38,0.0
1988,SE_OCGT,2050,10,13,18,39,0.0
1989,SE_OCGT,2050,10,19,24,40,0.0
1990,SI_Coal,2050,1,7,12,2,0.0
1991,SI_Coal,2050,1,13,18,3,0.0
1992,SI_Coal,2050,1,19,24,4,0.0
1993,SI_Coal,2050,2,1,6,5,0.0
1994,SI_Coal,2050,2,7,12,6,0.0
1995,SI_Coal,2050,2,13,18,7,0.0
1996,SI_Coal,2050,2,19,24,8,0.0
1997,SI_Coal,2050,3,1,6,9,0.0
1998,SI_Coal,2050,3,7,12,10,0.0
1999,SI_Coal,2050,3,13,18,11,0.0
2000,SI_Coal,2050,3,19,24,12,0.0
2001,SI_Coal,2050,4,1,6,13,0.0
2002,SI_Coal,2050,4,7,12,14,0.0
2003,SI_Coal,2050,4,13,18,15,0.0
2004,SI_Coal,2050,4,19,24,16,0.0
2005,SI_Coal,2050,5,1,6,17,0.0
2006,SI_Coal,2050,5,7,12,18,0.0
2007,SI_Coal,2050,5,13,18,19,0.0
2008,SI_Coal,2050,5,19,24,20,0.0
2009,SI_Coal,2050,6,1,6,21,0.0
2010,SI_Coal,2050,6,7,12,22,0.0
2011,SI_Coal,2050,6,13,18,23,0.0
2012,SI_Coal,2050,6,19,24,24,0.0
2013,SI_Coal,2050,7,1,6,25,0.0
2014,SI_Coal,2050,7,7,12,26,0.0
2015,SI_Coal,2050,7,13,18,27,0.0
2016,SI_Coal,2050,7,19,24,28,0.0
2017,SI_Coal,2050,8,1,6,29,0.0
2018,SI_Coal,2050,8,7,12,30,0.0
2019,SI_Coal,2050,8,13,18,31,0.0
2020,SI_Coal,2050,8,19,24,32,0.0
2021,SI_Coal,2050,9,1,6,33,0.0
2022,SI_Coal,2050,9,7,12,34,0.0
2023,SI_Coal,2050,9,13,18,35,0.0
2024,SI_Coal,2050,9,19,24,36,0.0
2025,SI_Coal,2050,10,1,6,37,0.0
2026,SI_Coal,2050,10,7,12,38,0.0
2027,SI_Coal,2050,10,13,18,39,0.0
2028,SI_Coal,2050,10,19,24,40,0.0
2029,SI_Gas,2050,1,7,12,2,0.0
2030,SI_Gas,2050,1,13,18,3,0.0
2031,SI_Gas,2050,1,19,24,4,0.0
2032,SI_Gas,2050,2,1,6,5,0.0
2033,SI_Gas,2050,2,7,12,6,0.0
2034,SI_Gas,2050,2,13,18,7,0.0
2035,SI_Gas,2050,2,19,24,8,0.0
2036,SI_Gas,2050,3,1,6,9,0.0
2037,SI_Gas,2050,3,7,12,10,0.0
2038,SI_Gas,2050,3,13,18,11,0.0
2039,SI_Gas,2050,3,19,24,12,0.0
2040,SI_Gas,2050,4,1,6,13,0.0
2041,SI_Gas,2050,4,7,12,14,0.0
2042,SI_Gas,2050,4,13,18,15,0.0
2043,SI_Gas,2050,4,19,24,16,0.0
2044,SI_Gas,2050,5,1,6,17,0.0
2045,SI_Gas,2050,5,7,12,18,0.0
2046,SI_Gas,2050,5,13,18,19,0.0
2047,SI_Gas,2050,5,19,24,20,0.0
2048,SI_Gas,2050,6,1,6,21,0.0
2049,SI_Gas,2050,6,7,12,22,0.0
2050,SI_Gas,2050,6,13,18,23,0.0
2051,SI_Gas,2050,6,19,24,24,0.0
2052,SI_Gas,2050,7,1,6,25,0.0
2053,SI_Gas,2050,7,7,12,26,0.0
2054,SI_Gas,2050,7,13,18,27,0.0
2055,SI_Gas,2050,7,19,24,28,0.0
2056,SI_Gas,2050,8,1,6,29,0.0
2057,SI_Gas,2050,8,7,12,30,0.0
2058,SI_Gas,2050,8,13,18,31,0.0
2059,SI_Gas,2050,8,19,24,32,0.0
2060,SI_Gas,2050,9,1,6,33,0.0
2061,SI_Gas,2050,9,7,12,34,0.0
2062,SI_Gas,2050,9,13,18,35,0.0
2063,SI_Gas,2050,9,19,24,36,0.0
2064,SI_Gas,2050,10,1,6,37,0.0
2065,SI_Gas,2050,10,7,12,38,0.0
2066,SI_Gas,2050,10,13,18,39,0.0
2067,SI_Gas,2050,10,19,24,40,0.0
2068,SI_Nuclear,2050,1,7,12,2,0.0
2069,SI_Nuclear,2050,1,13,18,3,0.0
2070,SI_Nuclear,2050,1,19,24,4,0.0
2071,SI_Nuclear,2050,2,1,6,5,0.0
2072,SI_Nuclear,2050,2,7,12,6,0.0
2073,SI_Nuclear,2050,2,13,18,7,0.0
2074,SI_Nuclear,2050,2,19,24,8,0.0
2075,SI_Nuclear,2050,3,1,6,9,0.0
2076,SI_Nuclear,2050,3,7,12,10,0.0
2077,SI_Nuclear,2050,3,13,18,11,0.0
2078,SI_Nuclear,2050,3,19,24,12,0.0
2079,SI_Nuclear,2050,4,1,6,13,0.0
2080,SI_Nuclear,2050,4,7,12,14,0.0
2081,SI_Nuclear,2050,4,13,18,15,0.0
2082,SI_Nuclear,2050,4,19,24,16,0.0
2083,SI_Nuclear,2050,5,1,6,17,0.0
2084,SI_Nuclear,2050,5,7,12,18,0.0
2085,SI_Nuclear,2050,5,13,18,19,0.0
2086,SI_Nuclear,2050,5,19,24,20,0.0
2087,SI_Nuclear,2050,6,1,6,21,0.0
2088,SI_Nuclear,2050,6,7,12,22,0.0
2089,SI_Nuclear,2050,6,13,18,23,0.0
2090,SI_Nuclear,2050,6,19,24,24,0.0
2091,SI_Nuclear,2050,7,1,6,25,0.0
2092,SI_Nuclear,2050,7,7,12,26,0.0
2093,SI_Nuclear,2050,7,13,18,27,0.0
2094,SI_Nuclear,2050,7,19,24,28,0.0
2095,SI_Nuclear,2050,8,1,6,29,0.0
2096,SI_Nuclear,2050,8,7,12,30,0.0
2097,SI_Nuclear,2050,8,13,18,31,0.0
2098,SI_Nuclear,2050,8,19,24,32,0.0
2099,SI_Nuclear,2050,9,1,6,33,0.0
2100,SI_Nuclear,2050,9,7,12,34,0.0
2101,SI_Nuclear,2050,9,13,18,35,0.0
2102,SI_Nuclear,2050,9,19,24,36,0.0
2103,SI_Nuclear,2050,10,1,6,37,0.0
2104,SI_Nuclear,2050,10,7,12,38,0.0
2105,SI_Nuclear,2050,10,13,18,39,0.0
2106,SI_Nuclear,2050,10,19,24,40,0.0
2107,SI_OCGT,2050,1,7,12,2,0.0
2108,SI_OCGT,2050,1,13,18,3,0.0
2109,SI_OCGT,2050,1,19,24,4,0.0
2110,SI_OCGT,2050,2,1,6,5,0.0
2111,SI_OCGT,2050,2,7,12,6,0.0
2112,SI_OCGT,2050,2,13,18,7,0.0
2113,SI_OCGT,2050,2,19,24,8,0.0
2114,SI_OCGT,2050,3,1,6,9,0.0
2115,SI_OCGT,2050,3,7,12,10,0.0
2116,SI_OCGT,2050,3,13,18,11,0.0
2117,SI_OCGT,2050,3,19,24,12,0.0
2118,SI_OCGT,2050,4,1,6,13,0.0
2119,SI_OCGT,2050,4,7,12,14,0.0
2120,SI_OCGT,2050,4,13,18,15,0.0
2121,SI_OCGT,2050,4,19,24,16,0.0
2122,SI_OCGT,2050,5,1,6,17,0.0
2123,SI_OCGT,2050,5,7,12,18,0.0
2124,SI_OCGT,2050,5,13,18,19,0.0
2125,SI_OCGT,2050,5,19,24,20,0.0
2126,SI_OCGT,2050,6,1,6,21,0.0
2127,SI_OCGT,2050,6,7,12,22,0.0
2128,SI_OCGT,2050,6,13,18,23,0.0
2129,SI_OCGT,2050,6,19,24,24,0.0
2130,SI_OCGT,2050,7,1,6,25,0.0
2131,SI_OCGT,2050,7,7,12,26,0.0
2132,SI_OCGT,2050,7,13,18,27,0.0
2133,SI_OCGT,2050,7,19,24,28,0.0
2134,SI_OCGT,2050,8,1,6,29,0.0
2135,SI_OCGT,2050,8,7,12,30,0.0
2136,SI_OCGT,2050,8,13,18,31,0.0
2137,SI_OCGT,2050,8,19,24,32,0.0
2138,SI_OCGT,2050,9,1,6,33,0.0
2139,SI_OCGT,2050,9,7,12,34,0.0
2140,SI_OCGT,2050,9,13,18,35,0.0
2141,SI_OCGT,2050,9,19,24,36,0.0
2142,SI_OCGT,2050,10,1,6,37,0.0
2143,SI_OCGT,2050,10,7,12,38,0.0
2144,SI_OCGT,2050,10,13,18,39,0.0
2145,SI_OCGT,2050,10,19,24,40,0.0
2146,SK_Coal,2050,1,7,12,2,0.0
2147,SK_Coal,2050,1,13,18,3,0.0
2148,SK_Coal,2050,1,19,24,4,0.0
2149,SK_Coal,2050,2,1,6,5,0.0
2150,SK_Coal,2050,2,7,12,6,0.0
2151,SK_Coal,2050,2,13,18,7,0.0
2152,SK_Coal,2050,2,19,24,8,0.0
2153,SK_Coal,2050,3,1,6,9,0.0
2154,SK_Coal,2050,3,7,12,10,0.0
2155,SK_Coal,2050,3,13,18,11,0.0
2156,SK_Coal,2050,3,19,24,12,0.0
2157,SK_Coal,2050,4,1,6,13,0.0
2158,SK_Coal,2050,4,7,12,14,0.0
2159,SK_Coal,2050,4,13,18,15,0.0
2160,SK_Coal,2050,4,19,24,16,0.0
2161,SK_Coal,2050,5,1,6,17,0.0
2162,SK_Coal,2050,5,7,12,18,0.0
2163,SK_Coal,2050,5,13,18,19,0.0
2164,SK_Coal,2050,5,19,24,20,0.0
2165,SK_Coal,2050,6,1,6,21,0.0
2166,SK_Coal,2050,6,7,12,22,0.0
2167,SK_Coal,2050,6,13,18,23,0.0
2168,SK_Coal,2050,6,19,24,24,0.0
2169,SK_Coal,2050,7,1,6,25,0.0
2170,SK_Coal,2050,7,7,12,26,0.0
2171,SK_Coal,2050,7,13,18,27,0.0
2172,SK_Coal,2050,7,19,24,28,0.0
2173,SK_Coal,2050,8,1,6,29,0.0
2174,SK_Coal,2050,8,7,12,30,0.0
2175,SK_Coal,2050,8,13,18,31,0.0
2176,SK_Coal,2050,8,19,24,32,0.0
2177,SK_Coal,2050,9,1,6,33,0.0
2178,SK_Coal,2050,9,7,12,34,0.0
2179,SK_Coal,2050,9,13,18,35,0.0
2180,SK_Coal,2050,9,19,24,36,0.0
2181,SK_Coal,2050,10,1,6,37,0.0
2182,SK_Coal,2050,10,7,12,38,0.0
2183,SK_Coal,2050,10,13,18,39,0.0
2184,SK_Coal,2050,10,19,24,40,0.0
2185,SK_Gas,2050,1,7,12,2,0.0
2186,SK_Gas,2050,1,13,18,3,0.0
2187,SK_Gas,2050,1,19,24,4,0.0
2188,SK_Gas,2050,2,1,6,5,0.0
2189,SK_Gas,2050,2,7,12,6,0.0
2190,SK_Gas,2050,2,13,18,7,0.0
2191,SK_Gas,2050,2,19,24,8,0.0
2192,SK_Gas,2050,3,1,6,9,0.0
2193,SK_Gas,2050,3,7,12,10,0.0
2194,SK_Gas,2050,3,13,18,11,0.0
2195,SK_Gas,2050,3,19,24,12,0.0
2196,SK_Gas,2050,4,1,6,13,0.0
2197,SK_Gas,2050,4,7,12,14,0.0
2198,SK_Gas,2050,4,13,18,15,0.0
2199,SK_Gas,2050,4,19,24,16,0.0
2200,SK_Gas,2050,5,1,6,17,0.0
2201,SK_Gas,2050,5,7,12,18,0.0
2202,SK_Gas,2050,5,13,18,19,0.0
2203,SK_Gas,2050,5,19,24,20,0.0
2204,SK_Gas,2050,6,1,6,21,0.0
2205,SK_Gas,2050,6,7,12,22,0.0
2206,SK_Gas,2050,6,13,18,23,0.0
2207,SK_Gas,2050,6,19,24,24,0.0
2208,SK_Gas,2050,7,1,6,25,0.0
2209,SK_Gas,2050,7,7,12,26,0.0
2210,SK_Gas,2050,7,13,18,27,0.0
2211,SK_Gas,2050,7,19,24,28,0.0
2212,SK_Gas,2050,8,1,6,29,0.0
2213,SK_Gas,2050,8,7,12,30,0.0
2214,SK_Gas,2050,8,13,18,31,0.0
2215,SK_Gas,2050,8,19,24,32,0.0
2216,SK_Gas,2050,9,1,6,33,0.0
2217,SK_Gas,2050,9,7,12,34,0.0
2218,SK_Gas,2050,9,13,18,35,0.0
2219,SK_Gas,2050,9,19,24,36,0.0
2220,SK_Gas,2050,10,1,6,37,0.0
2221,SK_Gas,2050,10,7,12,38,0.0
2222,SK_Gas,2050,10,13,18,39,0.0
2223,SK_Gas,2050,10,19,24,40,0.0
2224,SK_Nuclear,2050,1,7,12,2,0.0
2225,SK_Nuclear,2050,1,13,18,3,0.0
2226,SK_Nuclear,2050,1,19,24,4,0.0
2227,SK_Nuclear,2050,2,1,6,5,0.0
2228,SK_Nuclear,2050,2,7,12,6,0.0
2229,SK_Nuclear,2050,2,13,18,7,0.0
2230,SK_Nuclear,2050,2,19,24,8,0.0
2231,SK_Nuclear,2050,3,1,6,9,0.0
2232,SK_Nuclear,2050,3,7,12,10,0.0
2233,SK_Nuclear,2050,3,13,18,11,0.0
2234,SK_Nuclear,2050,3,19,24,12,0.0
2235,SK_Nuclear,2050,4,1,6,13,0.0
2236,SK_Nuclear,2050,4,7,12,14,0.0
2237,SK_Nuclear,2050,4,13,18,15,0.0
2238,SK_Nuclear,2050,4,19,24,16,0.0
2239,SK_Nuclear,2050,5,1,6,17,0.0
2240,SK_Nuclear,2050,5,7,12,18,0.0
2241,SK_Nuclear,2050,5,13,18,19,0.0
2242,SK_Nuclear,2050,5,19,24,20,0.0
2243,SK_Nuclear,2050,6,1,6,21,0.0
2244,SK_Nuclear,2050,6,7,12,22,0.0
2245,SK_Nuclear,2050,6,13,18,23,0.0
2246,SK_Nuclear,2050,6,19,24,24,0.0
2247,SK_Nuclear,2050,7,1,6,25,0.0
2248,SK_Nuclear,2050,7,7,12,26,0.0
2249,SK_Nuclear,2050,7,13,18,27,0.0
2250,SK_Nuclear,2050,7,19,24,28,0.0
2251,SK_Nuclear,2050,8,1,6,29,0.0
2252,SK_Nuclear,2050,8,7,12,30,0.0
2253,SK_Nuclear,2050,8,13,18,31,0.0
2254,SK_Nuclear,2050,8,19,24,32,0.0
2255,SK_Nuclear,2050,9,1,6,33,0.0
2256,SK_Nuclear,2050,9,7,12,34,0.0
2257,SK_Nuclear,2050,9,13,18,35,0.0
2258,SK_Nuclear,2050,9,19,24,36,0.0
2259,SK_Nuclear,2050,10,1,6,37,0.0
2260,SK_Nuclear,2050,10,7,12,38,0.0
2261,SK_Nuclear,2050,10,13,18,39,0.0
2262,SK_Nuclear,2050,10,19,24,40,0.0
2263,UK_Gas,2050,1,7,12,2,0.0
2264,UK_Gas,2050,1,13,18,3,0.0
2265,UK_Gas,2050,1,19,24,4,0.0
2266,UK_Gas,2050,2,1,6,5,0.0
2267,UK_Gas,2050,2,7,12,6,0.0
2268,UK_Gas,2050,2,13,18,7,0.0
2269,UK_Gas,2050,2,19,24,8,0.0
2270,UK_Gas,2050,3,1,6,9,0.0
2271,UK_Gas,2050,3,7,12,10,0.0
2272,UK_Gas,2050,3,13,18,11,0.0
2273,UK_Gas,2050,3,19,24,12,0.0
2274,UK_Gas,2050,4,1,6,13,0.0
2275,UK_Gas,2050,4,7,12,14,0.0
2276,UK_Gas,2050,4,13,18,15,0.0
2277,UK_Gas,2050,4,19,24,16,0.0
2278,UK_Gas,2050,5,1,6,17,0.0
2279,UK_Gas,2050,5,7,12,18,0.0
2280,UK_Gas,2050,5,13,18,19,0.0
2281,UK_Gas,2050,5,19,24,20,0.0
2282,UK_Gas,2050,6,1,6,21,0.0
2283,UK_Gas,2050,6,7,12,22,0.0
2284,UK_Gas,2050,6,13,18,23,0.0
2285,UK_Gas,2050,6,19,24,24,0.0
2286,UK_Gas,2050,7,1,6,25,0.0
2287,UK_Gas,2050,7,7,12,26,0.0
2288,UK_Gas,2050,7,13,18,27,0.0
2289,UK_Gas,2050,7,19,24,28,0.0
2290,UK_Gas,2050,8,1,6,29,0.0
2291,UK_Gas,2050,8,7,12,30,0.0
2292,UK_Gas,2050,8,13,18,31,0.0
2293,UK_Gas,2050,8,19,24,32,0.0
2294,UK_Gas,2050,9,1,6,33,0.0
2295,UK_Gas,2050,9,7,12,34,0.0
2296,UK_Gas,2050,9,13,18,35,0.0
2297,UK_Gas,2050,9,19,24,36,0.0
2298,UK_Gas,2050,10,1,6,37,0.0
2299,UK_Gas,2050,10,7,12,38,0.0
2300,UK_Gas,2050,10,13,18,39,0.0
2301,UK_Gas,2050,10,19,24,40,0.0
2302,UK_Nuclear,2050,1,7,12,2,0.0
2303,UK_Nuclear,2050,1,13,18,3,0.0
2304,UK_Nuclear,2050,1,19,24,4,0.0
2305,UK_Nuclear,2050,2,1,6,5,0.0
2306,UK_Nuclear,2050,2,7,12,6,0.0
2307,UK_Nuclear,2050,2,13,18,7,0.0
2308,UK_Nuclear,2050,2,19,24,8,0.0
2309,UK_Nuclear,2050,3,1,6,9,0.0
2310,UK_Nuclear,2050,3,7,12,10,0.0
2311,UK_Nuclear,2050,3,13,18,11,0.0
2312,UK_Nuclear,2050,3,19,24,12,0.0
2313,UK_Nuclear,2050,4,1,6,13,0.0
2314,UK_Nuclear,2050,4,7,12,14,0.0
2315,UK_Nuclear,2050,4,13,18,15,0.0
2316,UK_Nuclear,2050,4,19,24,16,0.0
2317,UK_Nuclear,2050,5,1,6,17,0.0
2318,UK_Nuclear,2050,5,7,12,18,0.0
2319,UK_Nuclear,2050,5,13,18,19,0.0
2320,UK_Nuclear,2050,5,19,24,20,0.0
2321,UK_Nuclear,2050,6,1,6,21,0.0
2322,UK_Nuclear,2050,6,7,12,22,0.0
2323,UK_Nuclear,2050,6,13,18,23,0.0
2324,UK_Nuclear,2050,6,19,24,24,0.0
2325,UK_Nuclear,2050,7,1,6,25,0.0
2326,UK_Nuclear,2050,7,7,12,26,0.0
2327,UK_Nuclear,2050,7,13,18,27,0.0
2328,UK_Nuclear,2050,7,19,24,28,0.0
2329,UK_Nuclear,2050,8,1,6,29,0.0
2330,UK_Nuclear,2050,8,7,12,30,0.0
2331,UK_Nuclear,2050,8,13,18,31,0.0
2332,UK_Nuclear,2050,8,19,24,32,0.0
2333,UK_Nuclear,2050,9,1,6,33,0.0
2334,UK_Nuclear,2050,9,7,12,34,0.0
2335,UK_Nuclear,2050,9,13,18,35,0.0
2336,UK_Nuclear,2050,9,19,24,36,0.0
2337,UK_Nuclear,2050,10,1,6,37,0.0
2338,UK_Nuclear,2050,10,7,12,38,0.0
2339,UK_Nuclear,2050,10,13,18,39,0.0
2340,UK_Nuclear,2050,10,19,24,40,0.0
2341,UK_OCGT,2050,1,7,12,2,0.0
2342,UK_OCGT,2050,1,13,18,3,0.0
2343,UK_OCGT,2050,1,19,24,4,0.0
2344,UK_OCGT,2050,2,1,6,5,0.0
2345,UK_OCGT,2050,2,7,12,6,0.0
2346,UK_OCGT,2050,2,13,18,7,0.0
2347,UK_OCGT,2050,2,19,24,8,0.0
2348,UK_OCGT,2050,3,1,6,9,0.0
2349,UK_OCGT,2050,3,7,12,10,0.0
2350,UK_OCGT,2050,3,13,18,11,0.0
2351,UK_OCGT,2050,3,19,24,12,0.0
2352,UK_OCGT,2050,4,1,6,13,0.0
2353,UK_OCGT,2050,4,7,12,14,0.0
2354,UK_OCGT,2050,4,13,18,15,0.0
2355,UK_OCGT,2050,4,19,24,16,0.0
2356,UK_OCGT,2050,5,1,6,17,0.0
2357,UK_OCGT,2050,5,7,12,18,0.0
2358,UK_OCGT,2050,5,13,18,19,0.0
2359,UK_OCGT,2050,5,19,24,20,0.0
2360,UK_OCGT,2050,6,1,6,21,0.0
2361,UK_OCGT,2050,6,7,12,22,0.0
2362,UK_OCGT,2050,6,13,18,23,0.0
2363,UK_OCGT,2050,6,19,24,24,0.0
2364,UK_OCGT,2050,7,1,6,25,0.0
2365,UK_OCGT,2050,7,7,12,26,0.0
2366,UK_OCGT,2050,7,13,18,27,0.0
2367,UK_OCGT,2050,7,19,24,28,0.0
2368,UK_OCGT,2050,8,1,6,29,0.0
2369,UK_OCGT,2050,8,7,12,30,0.0
2370,UK_OCGT,2050,8,13,18,31,0.0
2371,UK_OCGT,2050,8,19,24,32,0.0
2372,UK_OCGT,2050,9,1,6,33,0.0
2373,UK_OCGT,2050,9,7,12,34,0.0
2374,UK_OCGT,2050,9,13,18,35,0.0
2375,UK_OCGT,2050,9,19,24,36,0.0
2376,UK_OCGT,2050,10,1,6,37,0.0
2377,UK_OCGT,2050,10,7,12,38,0.0
2378,UK_OCGT,2050,10,13,18,39,0.0
2379,UK_OCGT,2050,10,19,24,40,0.0
