id,asset,year,rep_period,time_block_start,time_block_end,dual_balance_hub
1,AT_Balance,2050,1,1,5,4.6905
2,AT_Balance,2050,1,6,10,8.745000000000001
3,AT_Balance,2050,1,11,15,8.745000000000001
4,AT_Balance,2050,1,16,24,8.745000000000001
5,AT_Balance,2050,2,1,5,0.0
6,AT_Balance,2050,2,6,10,0.0
7,AT_Balance,2050,2,11,15,0.0
8,AT_Balance,2050,2,16,24,0.0
9,AT_Balance,2050,3,1,5,7.395
10,AT_Balance,2050,3,6,10,7.395
11,AT_Balance,2050,3,11,15,7.395
12,AT_Balance,2050,3,16,24,63.06099423399802
13,AT_Balance,2050,4,1,5,2.0355
14,AT_Balance,2050,4,6,10,2.0355
15,AT_Balance,2050,4,11,15,2.0355
16,AT_Balance,2050,4,16,24,3.7950000000000004
17,AT_Balance,2050,5,1,5,0.0
18,AT_Balance,2050,5,6,10,0.0
19,AT_Balance,2050,5,11,15,0.0
20,AT_Balance,2050,5,16,24,4.602
21,AT_Balance,2050,6,1,5,0.0
22,AT_Balance,2050,6,6,10,0.0
23,AT_Balance,2050,6,11,15,0.0
24,AT_Balance,2050,6,16,24,0.0
25,AT_Balance,2050,7,1,5,3.2745
26,AT_Balance,2050,7,6,10,3.2745
27,AT_Balance,2050,7,11,15,3.2745
28,AT_Balance,2050,7,16,24,6.105
29,AT_Balance,2050,8,1,5,2.7435
30,AT_Balance,2050,8,6,10,2.7435
31,AT_Balance,2050,8,11,15,2.7435
32,AT_Balance,2050,8,16,24,2.7435
33,AT_Balance,2050,9,1,5,0.0
34,AT_Balance,2050,9,6,10,3.8055
35,AT_Balance,2050,9,11,15,3.8055
36,AT_Balance,2050,9,16,24,3.8055
37,AT_Balance,2050,10,1,5,4.071
38,AT_Balance,2050,10,6,10,11.729999999999999
39,AT_Balance,2050,10,11,15,7.590000000000001
40,AT_Balance,2050,10,16,24,7.590000000000001
41,BE_Balance,2050,1,1,5,4.6905
42,BE_Balance,2050,1,6,10,8.745000000000001
43,BE_Balance,2050,1,11,15,4.6905
44,BE_Balance,2050,1,16,24,8.745000000000001
45,BE_Balance,2050,2,1,5,0.0
46,BE_Balance,2050,2,6,10,2.9205
47,BE_Balance,2050,2,11,15,2.9205
48,BE_Balance,2050,2,16,24,2.9205
49,BE_Balance,2050,3,1,5,0.0
50,BE_Balance,2050,3,6,10,0.0
51,BE_Balance,2050,3,11,15,0.0
52,BE_Balance,2050,3,16,24,0.0
53,BE_Balance,2050,4,1,5,0.0
54,BE_Balance,2050,4,6,10,2.0355
55,BE_Balance,2050,4,11,15,0.0
56,BE_Balance,2050,4,16,24,2.0355
57,BE_Balance,2050,5,1,5,0.0
58,BE_Balance,2050,5,6,10,0.0
59,BE_Balance,2050,5,11,15,0.0
60,BE_Balance,2050,5,16,24,0.0
61,BE_Balance,2050,6,1,5,1.593
62,BE_Balance,2050,6,6,10,2.97
63,BE_Balance,2050,6,11,15,1.593
64,BE_Balance,2050,6,16,24,2.97
65,BE_Balance,2050,7,1,5,6.105
66,BE_Balance,2050,7,6,10,9.434999999999999
67,BE_Balance,2050,7,11,15,9.434999999999999
68,BE_Balance,2050,7,16,24,9.434999999999999
69,BE_Balance,2050,8,1,5,0.0
70,BE_Balance,2050,8,6,10,0.0
71,BE_Balance,2050,8,11,15,0.0
72,BE_Balance,2050,8,16,24,0.0
73,BE_Balance,2050,9,1,5,0.0
74,BE_Balance,2050,9,6,10,3.8055
75,BE_Balance,2050,9,11,15,0.0
76,BE_Balance,2050,9,16,24,3.8055
77,BE_Balance,2050,10,1,5,4.071
78,BE_Balance,2050,10,6,10,7.590000000000001
79,BE_Balance,2050,10,11,15,7.590000000000001
80,BE_Balance,2050,10,16,24,11.729999999999999
81,BG_Balance,2050,1,1,5,4.6905
82,BG_Balance,2050,1,6,10,4.6905
83,BG_Balance,2050,1,11,15,4.6905
84,BG_Balance,2050,1,16,24,4.6905
85,BG_Balance,2050,2,1,5,0.0
86,BG_Balance,2050,2,6,10,0.0
87,BG_Balance,2050,2,11,15,0.0
88,BG_Balance,2050,2,16,24,0.0
89,BG_Balance,2050,3,1,5,2.5665
90,BG_Balance,2050,3,6,10,7.395
91,BG_Balance,2050,3,11,15,7.395
92,BG_Balance,2050,3,16,24,47.987494233998014
93,BG_Balance,2050,4,1,5,2.0355
94,BG_Balance,2050,4,6,10,2.0355
95,BG_Balance,2050,4,11,15,2.0355
96,BG_Balance,2050,4,16,24,2.0355
97,BG_Balance,2050,5,1,5,0.0
98,BG_Balance,2050,5,6,10,4.602
99,BG_Balance,2050,5,11,15,0.0
100,BG_Balance,2050,5,16,24,4.602
101,BG_Balance,2050,6,1,5,1.593
102,BG_Balance,2050,6,6,10,1.593
103,BG_Balance,2050,6,11,15,1.593
104,BG_Balance,2050,6,16,24,1.593
105,BG_Balance,2050,7,1,5,3.2745
106,BG_Balance,2050,7,6,10,3.2745
107,BG_Balance,2050,7,11,15,0.0
108,BG_Balance,2050,7,16,24,3.2745
109,BG_Balance,2050,8,1,5,2.7435
110,BG_Balance,2050,8,6,10,2.7435
111,BG_Balance,2050,8,11,15,2.7435
112,BG_Balance,2050,8,16,24,2.7435
113,BG_Balance,2050,9,1,5,3.8055
114,BG_Balance,2050,9,6,10,3.8055
115,BG_Balance,2050,9,11,15,3.8055
116,BG_Balance,2050,9,16,24,10.965
117,BG_Balance,2050,10,1,5,4.071
118,BG_Balance,2050,10,6,10,11.729999999999999
119,BG_Balance,2050,10,11,15,4.071
120,BG_Balance,2050,10,16,24,11.729999999999999
121,CH_Balance,2050,1,1,5,4.6905
122,CH_Balance,2050,1,6,10,4.6905
123,CH_Balance,2050,1,11,15,4.6905
124,CH_Balance,2050,1,16,24,4.6905
125,CH_Balance,2050,2,1,5,2.9205
126,CH_Balance,2050,2,6,10,5.445
127,CH_Balance,2050,2,11,15,2.9205
128,CH_Balance,2050,2,16,24,2.9205
129,CH_Balance,2050,3,1,5,7.395
130,CH_Balance,2050,3,6,10,7.395
131,CH_Balance,2050,3,11,15,2.5665
132,CH_Balance,2050,3,16,24,7.395
133,CH_Balance,2050,4,1,5,3.7950000000000004
134,CH_Balance,2050,4,6,10,5.864999999999999
135,CH_Balance,2050,4,11,15,2.0355
136,CH_Balance,2050,4,16,24,5.864999999999999
137,CH_Balance,2050,5,1,5,4.602
138,CH_Balance,2050,5,6,10,8.58
139,CH_Balance,2050,5,11,15,4.602
140,CH_Balance,2050,5,16,24,8.58
141,CH_Balance,2050,6,1,5,1.593
142,CH_Balance,2050,6,6,10,1.593
143,CH_Balance,2050,6,11,15,1.593
144,CH_Balance,2050,6,16,24,1.593
145,CH_Balance,2050,7,1,5,3.2745
146,CH_Balance,2050,7,6,10,6.105
147,CH_Balance,2050,7,11,15,3.2745
148,CH_Balance,2050,7,16,24,3.2745
149,CH_Balance,2050,8,1,5,2.7435
150,CH_Balance,2050,8,6,10,2.7435
151,CH_Balance,2050,8,11,15,2.7435
152,CH_Balance,2050,8,16,24,2.7435
153,CH_Balance,2050,9,1,5,3.8055
154,CH_Balance,2050,9,6,10,3.8055
155,CH_Balance,2050,9,11,15,3.8055
156,CH_Balance,2050,9,16,24,3.8055
157,CH_Balance,2050,10,1,5,4.071
158,CH_Balance,2050,10,6,10,7.590000000000001
159,CH_Balance,2050,10,11,15,4.071
160,CH_Balance,2050,10,16,24,4.071
161,CY_Balance,2050,1,1,5,4.6905
162,CY_Balance,2050,1,6,10,4.6905
163,CY_Balance,2050,1,11,15,4.6905
164,CY_Balance,2050,1,16,24,4.6905
165,CY_Balance,2050,2,1,5,2.9205
166,CY_Balance,2050,2,6,10,2.9205
167,CY_Balance,2050,2,11,15,2.9205
168,CY_Balance,2050,2,16,24,2.9205
169,CY_Balance,2050,3,1,5,2.5665
170,CY_Balance,2050,3,6,10,2.5665
171,CY_Balance,2050,3,11,15,2.5665
172,CY_Balance,2050,3,16,24,2.5665
173,CY_Balance,2050,4,1,5,2.0355
174,CY_Balance,2050,4,6,10,2.0355
175,CY_Balance,2050,4,11,15,2.0355
176,CY_Balance,2050,4,16,24,2.0355
177,CY_Balance,2050,5,1,5,4.602
178,CY_Balance,2050,5,6,10,4.602
179,CY_Balance,2050,5,11,15,4.602
180,CY_Balance,2050,5,16,24,4.602
181,CY_Balance,2050,6,1,5,1.593
182,CY_Balance,2050,6,6,10,0.0
183,CY_Balance,2050,6,11,15,0.0
184,CY_Balance,2050,6,16,24,1.593
185,CY_Balance,2050,7,1,5,3.2745
186,CY_Balance,2050,7,6,10,3.2745
187,CY_Balance,2050,7,11,15,3.2745
188,CY_Balance,2050,7,16,24,3.2745
189,CY_Balance,2050,8,1,5,2.7435
190,CY_Balance,2050,8,6,10,0.0
191,CY_Balance,2050,8,11,15,2.7435
192,CY_Balance,2050,8,16,24,2.7435
193,CY_Balance,2050,9,1,5,3.8055
194,CY_Balance,2050,9,6,10,3.8055
195,CY_Balance,2050,9,11,15,3.8055
196,CY_Balance,2050,9,16,24,3.8055
197,CY_Balance,2050,10,1,5,4.071
198,CY_Balance,2050,10,6,10,4.071
199,CY_Balance,2050,10,11,15,4.071
200,CY_Balance,2050,10,16,24,4.071
201,CZ_Balance,2050,1,1,5,4.6905
202,CZ_Balance,2050,1,6,10,8.745000000000001
203,CZ_Balance,2050,1,11,15,4.6905
204,CZ_Balance,2050,1,16,24,4.6905
205,CZ_Balance,2050,2,1,5,0.0
206,CZ_Balance,2050,2,6,10,2.9205
207,CZ_Balance,2050,2,11,15,0.0
208,CZ_Balance,2050,2,16,24,0.0
209,CZ_Balance,2050,3,1,5,2.5665
210,CZ_Balance,2050,3,6,10,2.5665
211,CZ_Balance,2050,3,11,15,2.5665
212,CZ_Balance,2050,3,16,24,2.5665
213,CZ_Balance,2050,4,1,5,2.0355
214,CZ_Balance,2050,4,6,10,5.864999999999999
215,CZ_Balance,2050,4,11,15,3.7950000000000004
216,CZ_Balance,2050,4,16,24,3.7950000000000004
217,CZ_Balance,2050,5,1,5,0.0
218,CZ_Balance,2050,5,6,10,0.0
219,CZ_Balance,2050,5,11,15,0.0
220,CZ_Balance,2050,5,16,24,0.0
221,CZ_Balance,2050,6,1,5,1.593
222,CZ_Balance,2050,6,6,10,0.0
223,CZ_Balance,2050,6,11,15,0.0
224,CZ_Balance,2050,6,16,24,1.593
225,CZ_Balance,2050,7,1,5,3.2745
226,CZ_Balance,2050,7,6,10,3.2745
227,CZ_Balance,2050,7,11,15,3.2745
228,CZ_Balance,2050,7,16,24,3.2745
229,CZ_Balance,2050,8,1,5,2.7435
230,CZ_Balance,2050,8,6,10,2.7435
231,CZ_Balance,2050,8,11,15,2.7435
232,CZ_Balance,2050,8,16,24,2.7435
233,CZ_Balance,2050,9,1,5,0.0
234,CZ_Balance,2050,9,6,10,0.0
235,CZ_Balance,2050,9,11,15,3.8055
236,CZ_Balance,2050,9,16,24,3.8055
237,CZ_Balance,2050,10,1,5,7.590000000000001
238,CZ_Balance,2050,10,6,10,71.76399423399802
239,CZ_Balance,2050,10,11,15,11.729999999999999
240,CZ_Balance,2050,10,16,24,11.729999999999999
241,DE_Balance,2050,1,1,5,4.6905
242,DE_Balance,2050,1,6,10,8.745000000000001
243,DE_Balance,2050,1,11,15,8.745000000000001
244,DE_Balance,2050,1,16,24,4.6905
245,DE_Balance,2050,2,1,5,2.9205
246,DE_Balance,2050,2,6,10,2.9205
247,DE_Balance,2050,2,11,15,2.9205
248,DE_Balance,2050,2,16,24,2.9205
249,DE_Balance,2050,3,1,5,0.0
250,DE_Balance,2050,3,6,10,0.0
251,DE_Balance,2050,3,11,15,2.5665
252,DE_Balance,2050,3,16,24,2.5665
253,DE_Balance,2050,4,1,5,2.0355
254,DE_Balance,2050,4,6,10,3.7950000000000004
255,DE_Balance,2050,4,11,15,2.0355
256,DE_Balance,2050,4,16,24,2.0355
257,DE_Balance,2050,5,1,5,0.0
258,DE_Balance,2050,5,6,10,0.0
259,DE_Balance,2050,5,11,15,0.0
260,DE_Balance,2050,5,16,24,0.0
261,DE_Balance,2050,6,1,5,1.593
262,DE_Balance,2050,6,6,10,2.97
263,DE_Balance,2050,6,11,15,1.593
264,DE_Balance,2050,6,16,24,1.593
265,DE_Balance,2050,7,1,5,3.2745
266,DE_Balance,2050,7,6,10,6.105
267,DE_Balance,2050,7,11,15,6.105
268,DE_Balance,2050,7,16,24,6.105
269,DE_Balance,2050,8,1,5,0.0
270,DE_Balance,2050,8,6,10,2.7435
271,DE_Balance,2050,8,11,15,0.0
272,DE_Balance,2050,8,16,24,0.0
273,DE_Balance,2050,9,1,5,0.0
274,DE_Balance,2050,9,6,10,57.099994233998025
275,DE_Balance,2050,9,11,15,0.0
276,DE_Balance,2050,9,16,24,3.8055
277,DE_Balance,2050,10,1,5,7.590000000000001
278,DE_Balance,2050,10,6,10,11.729999999999999
279,DE_Balance,2050,10,11,15,11.729999999999999
280,DE_Balance,2050,10,16,24,11.729999999999999
281,DK_Balance,2050,1,1,5,4.6905
282,DK_Balance,2050,1,6,10,8.745000000000001
283,DK_Balance,2050,1,11,15,13.514999999999999
284,DK_Balance,2050,1,16,24,8.745000000000001
285,DK_Balance,2050,2,1,5,0.0
286,DK_Balance,2050,2,6,10,2.9205
287,DK_Balance,2050,2,11,15,2.9205
288,DK_Balance,2050,2,16,24,0.0
289,DK_Balance,2050,3,1,5,0.0
290,DK_Balance,2050,3,6,10,0.0
291,DK_Balance,2050,3,11,15,0.0
292,DK_Balance,2050,3,16,24,0.0
293,DK_Balance,2050,4,1,5,0.0
294,DK_Balance,2050,4,6,10,2.0355
295,DK_Balance,2050,4,11,15,2.0355
296,DK_Balance,2050,4,16,24,0.0
297,DK_Balance,2050,5,1,5,0.0
298,DK_Balance,2050,5,6,10,0.0
299,DK_Balance,2050,5,11,15,0.0
300,DK_Balance,2050,5,16,24,0.0
301,DK_Balance,2050,6,1,5,1.593
302,DK_Balance,2050,6,6,10,1.593
303,DK_Balance,2050,6,11,15,0.0
304,DK_Balance,2050,6,16,24,0.0
305,DK_Balance,2050,7,1,5,0.0
306,DK_Balance,2050,7,6,10,0.0
307,DK_Balance,2050,7,11,15,0.0
308,DK_Balance,2050,7,16,24,0.0
309,DK_Balance,2050,8,1,5,0.0
310,DK_Balance,2050,8,6,10,0.0
311,DK_Balance,2050,8,11,15,0.0
312,DK_Balance,2050,8,16,24,0.0
313,DK_Balance,2050,9,1,5,0.0
314,DK_Balance,2050,9,6,10,0.0
315,DK_Balance,2050,9,11,15,0.0
316,DK_Balance,2050,9,16,24,0.0
317,DK_Balance,2050,10,1,5,7.590000000000001
318,DK_Balance,2050,10,6,10,11.729999999999999
319,DK_Balance,2050,10,11,15,74.18649423399803
320,DK_Balance,2050,10,16,24,7.590000000000001
321,EE_Balance,2050,1,1,5,0.0
322,EE_Balance,2050,1,6,10,13.514999999999999
323,EE_Balance,2050,1,11,15,0.0
324,EE_Balance,2050,1,16,24,13.514999999999999
325,EE_Balance,2050,2,1,5,0.0
326,EE_Balance,2050,2,6,10,0.0
327,EE_Balance,2050,2,11,15,0.0
328,EE_Balance,2050,2,16,24,0.0
329,EE_Balance,2050,3,1,5,0.0
330,EE_Balance,2050,3,6,10,0.0
331,EE_Balance,2050,3,11,15,0.0
332,EE_Balance,2050,3,16,24,0.0
333,EE_Balance,2050,4,1,5,5.864999999999999
334,EE_Balance,2050,4,6,10,5.864999999999999
335,EE_Balance,2050,4,11,15,5.864999999999999
336,EE_Balance,2050,4,16,24,5.864999999999999
337,EE_Balance,2050,5,1,5,0.0
338,EE_Balance,2050,5,6,10,0.0
339,EE_Balance,2050,5,11,15,0.0
340,EE_Balance,2050,5,16,24,0.0
341,EE_Balance,2050,6,1,5,0.0
342,EE_Balance,2050,6,6,10,0.0
343,EE_Balance,2050,6,11,15,0.0
344,EE_Balance,2050,6,16,24,0.0
345,EE_Balance,2050,7,1,5,0.0
346,EE_Balance,2050,7,6,10,0.0
347,EE_Balance,2050,7,11,15,0.0
348,EE_Balance,2050,7,16,24,0.0
349,EE_Balance,2050,8,1,5,0.0
350,EE_Balance,2050,8,6,10,0.0
351,EE_Balance,2050,8,11,15,0.0
352,EE_Balance,2050,8,16,24,0.0
353,EE_Balance,2050,9,1,5,0.0
354,EE_Balance,2050,9,6,10,0.0
355,EE_Balance,2050,9,11,15,0.0
356,EE_Balance,2050,9,16,24,0.0
357,EE_Balance,2050,10,1,5,0.0
358,EE_Balance,2050,10,6,10,11.729999999999999
359,EE_Balance,2050,10,11,15,11.729999999999999
360,EE_Balance,2050,10,16,24,11.729999999999999
361,ES_Balance,2050,1,1,5,8.745000000000001
362,ES_Balance,2050,1,6,10,13.514999999999999
363,ES_Balance,2050,1,11,15,4.6905
364,ES_Balance,2050,1,16,24,4.6905
365,ES_Balance,2050,2,1,5,2.9205
366,ES_Balance,2050,2,6,10,2.9205
367,ES_Balance,2050,2,11,15,0.0
368,ES_Balance,2050,2,16,24,2.9205
369,ES_Balance,2050,3,1,5,7.395
370,ES_Balance,2050,3,6,10,55.45299423399805
371,ES_Balance,2050,3,11,15,4.785
372,ES_Balance,2050,3,16,24,7.395
373,ES_Balance,2050,4,1,5,0.0
374,ES_Balance,2050,4,6,10,2.0355
375,ES_Balance,2050,4,11,15,0.0
376,ES_Balance,2050,4,16,24,0.0
377,ES_Balance,2050,5,1,5,8.58
378,ES_Balance,2050,5,6,10,13.26
379,ES_Balance,2050,5,11,15,4.602
380,ES_Balance,2050,5,16,24,8.58
381,ES_Balance,2050,6,1,5,0.0
382,ES_Balance,2050,6,6,10,1.593
383,ES_Balance,2050,6,11,15,0.0
384,ES_Balance,2050,6,16,24,0.0
385,ES_Balance,2050,7,1,5,3.2745
386,ES_Balance,2050,7,6,10,3.2745
387,ES_Balance,2050,7,11,15,3.2745
388,ES_Balance,2050,7,16,24,3.2745
389,ES_Balance,2050,8,1,5,2.7435
390,ES_Balance,2050,8,6,10,5.115
391,ES_Balance,2050,8,11,15,2.7435
392,ES_Balance,2050,8,16,24,2.7435
393,ES_Balance,2050,9,1,5,3.8055
394,ES_Balance,2050,9,6,10,7.095000000000001
395,ES_Balance,2050,9,11,15,3.8055
396,ES_Balance,2050,9,16,24,3.8055
397,ES_Balance,2050,10,1,5,4.071
398,ES_Balance,2050,10,6,10,4.071
399,ES_Balance,2050,10,11,15,0.0
400,ES_Balance,2050,10,16,24,4.071
401,FI_Balance,2050,1,1,5,8.745000000000001
402,FI_Balance,2050,1,6,10,13.514999999999999
403,FI_Balance,2050,1,11,15,8.745000000000001
404,FI_Balance,2050,1,16,24,13.514999999999999
405,FI_Balance,2050,2,1,5,0.0
406,FI_Balance,2050,2,6,10,0.0
407,FI_Balance,2050,2,11,15,0.0
408,FI_Balance,2050,2,16,24,0.0
409,FI_Balance,2050,3,1,5,0.0
410,FI_Balance,2050,3,6,10,0.0
411,FI_Balance,2050,3,11,15,0.0
412,FI_Balance,2050,3,16,24,0.0
413,FI_Balance,2050,4,1,5,0.0
414,FI_Balance,2050,4,6,10,2.0355
415,FI_Balance,2050,4,11,15,2.0355
416,FI_Balance,2050,4,16,24,0.0
417,FI_Balance,2050,5,1,5,0.0
418,FI_Balance,2050,5,6,10,0.0
419,FI_Balance,2050,5,11,15,0.0
420,FI_Balance,2050,5,16,24,0.0
421,FI_Balance,2050,6,1,5,1.593
422,FI_Balance,2050,6,6,10,1.593
423,FI_Balance,2050,6,11,15,0.0
424,FI_Balance,2050,6,16,24,1.593
425,FI_Balance,2050,7,1,5,0.0
426,FI_Balance,2050,7,6,10,0.0
427,FI_Balance,2050,7,11,15,0.0
428,FI_Balance,2050,7,16,24,0.0
429,FI_Balance,2050,8,1,5,2.7435
430,FI_Balance,2050,8,6,10,2.7435
431,FI_Balance,2050,8,11,15,0.0
432,FI_Balance,2050,8,16,24,2.7435
433,FI_Balance,2050,9,1,5,7.095000000000001
434,FI_Balance,2050,9,6,10,7.095000000000001
435,FI_Balance,2050,9,11,15,7.095000000000001
436,FI_Balance,2050,9,16,24,7.095000000000001
437,FI_Balance,2050,10,1,5,4.071
438,FI_Balance,2050,10,6,10,4.071
439,FI_Balance,2050,10,11,15,7.590000000000001
440,FI_Balance,2050,10,16,24,4.071
441,FR_Balance,2050,1,1,5,8.745000000000001
442,FR_Balance,2050,1,6,10,13.514999999999999
443,FR_Balance,2050,1,11,15,8.745000000000001
444,FR_Balance,2050,1,16,24,8.745000000000001
445,FR_Balance,2050,2,1,5,0.0
446,FR_Balance,2050,2,6,10,0.0
447,FR_Balance,2050,2,11,15,0.0
448,FR_Balance,2050,2,16,24,0.0
449,FR_Balance,2050,3,1,5,0.0
450,FR_Balance,2050,3,6,10,2.5665
451,FR_Balance,2050,3,11,15,2.5665
452,FR_Balance,2050,3,16,24,7.395
453,FR_Balance,2050,4,1,5,0.0
454,FR_Balance,2050,4,6,10,0.0
455,FR_Balance,2050,4,11,15,0.0
456,FR_Balance,2050,4,16,24,0.0
457,FR_Balance,2050,5,1,5,0.0
458,FR_Balance,2050,5,6,10,0.0
459,FR_Balance,2050,5,11,15,0.0
460,FR_Balance,2050,5,16,24,0.0
461,FR_Balance,2050,6,1,5,0.0
462,FR_Balance,2050,6,6,10,1.593
463,FR_Balance,2050,6,11,15,0.0
464,FR_Balance,2050,6,16,24,0.0
465,FR_Balance,2050,7,1,5,6.105
466,FR_Balance,2050,7,6,10,9.434999999999999
467,FR_Balance,2050,7,11,15,9.434999999999999
468,FR_Balance,2050,7,16,24,9.434999999999999
469,FR_Balance,2050,8,1,5,0.0
470,FR_Balance,2050,8,6,10,0.0
471,FR_Balance,2050,8,11,15,0.0
472,FR_Balance,2050,8,16,24,0.0
473,FR_Balance,2050,9,1,5,0.0
474,FR_Balance,2050,9,6,10,3.8055
475,FR_Balance,2050,9,11,15,0.0
476,FR_Balance,2050,9,16,24,3.8055
477,FR_Balance,2050,10,1,5,4.071
478,FR_Balance,2050,10,6,10,7.590000000000001
479,FR_Balance,2050,10,11,15,4.071
480,FR_Balance,2050,10,16,24,7.590000000000001
481,GR_Balance,2050,1,1,5,8.745000000000001
482,GR_Balance,2050,1,6,10,8.745000000000001
483,GR_Balance,2050,1,11,15,4.6905
484,GR_Balance,2050,1,16,24,53.691994233998024
485,GR_Balance,2050,2,1,5,2.9205
486,GR_Balance,2050,2,6,10,2.9205
487,GR_Balance,2050,2,11,15,0.0
488,GR_Balance,2050,2,16,24,2.9205
489,GR_Balance,2050,3,1,5,2.5665
490,GR_Balance,2050,3,6,10,4.785
491,GR_Balance,2050,3,11,15,2.5665
492,GR_Balance,2050,3,16,24,7.395
493,GR_Balance,2050,4,1,5,2.0355
494,GR_Balance,2050,4,6,10,2.0355
495,GR_Balance,2050,4,11,15,0.0
496,GR_Balance,2050,4,16,24,2.0355
497,GR_Balance,2050,5,1,5,4.602
498,GR_Balance,2050,5,6,10,4.602
499,GR_Balance,2050,5,11,15,0.0
500,GR_Balance,2050,5,16,24,4.602
501,GR_Balance,2050,6,1,5,1.593
502,GR_Balance,2050,6,6,10,1.593
503,GR_Balance,2050,6,11,15,0.0
504,GR_Balance,2050,6,16,24,1.593
505,GR_Balance,2050,7,1,5,3.2745
506,GR_Balance,2050,7,6,10,3.2745
507,GR_Balance,2050,7,11,15,0.0
508,GR_Balance,2050,7,16,24,3.2745
509,GR_Balance,2050,8,1,5,2.7435
510,GR_Balance,2050,8,6,10,2.7435
511,GR_Balance,2050,8,11,15,0.0
512,GR_Balance,2050,8,16,24,2.7435
513,GR_Balance,2050,9,1,5,7.095000000000001
514,GR_Balance,2050,9,6,10,7.095000000000001
515,GR_Balance,2050,9,11,15,3.8055
516,GR_Balance,2050,9,16,24,10.965
517,GR_Balance,2050,10,1,5,4.071
518,GR_Balance,2050,10,6,10,4.071
519,GR_Balance,2050,10,11,15,4.071
520,GR_Balance,2050,10,16,24,4.071
521,HR_Balance,2050,1,1,5,8.745000000000001
522,HR_Balance,2050,1,6,10,8.745000000000001
523,HR_Balance,2050,1,11,15,8.745000000000001
524,HR_Balance,2050,1,16,24,13.514999999999999
525,HR_Balance,2050,2,1,5,2.9205
526,HR_Balance,2050,2,6,10,0.0
527,HR_Balance,2050,2,11,15,0.0
528,HR_Balance,2050,2,16,24,2.9205
529,HR_Balance,2050,3,1,5,4.785
530,HR_Balance,2050,3,6,10,4.785
531,HR_Balance,2050,3,11,15,4.785
532,HR_Balance,2050,3,16,24,7.395
533,HR_Balance,2050,4,1,5,2.0355
534,HR_Balance,2050,4,6,10,2.0355
535,HR_Balance,2050,4,11,15,2.0355
536,HR_Balance,2050,4,16,24,2.0355
537,HR_Balance,2050,5,1,5,4.602
538,HR_Balance,2050,5,6,10,4.602
539,HR_Balance,2050,5,11,15,4.602
540,HR_Balance,2050,5,16,24,13.26
541,HR_Balance,2050,6,1,5,1.593
542,HR_Balance,2050,6,6,10,0.0
543,HR_Balance,2050,6,11,15,0.0
544,HR_Balance,2050,6,16,24,1.593
545,HR_Balance,2050,7,1,5,3.2745
546,HR_Balance,2050,7,6,10,3.2745
547,HR_Balance,2050,7,11,15,3.2745
548,HR_Balance,2050,7,16,24,3.2745
549,HR_Balance,2050,8,1,5,2.7435
550,HR_Balance,2050,8,6,10,2.7435
551,HR_Balance,2050,8,11,15,2.7435
552,HR_Balance,2050,8,16,24,2.7435
553,HR_Balance,2050,9,1,5,3.8055
554,HR_Balance,2050,9,6,10,3.8055
555,HR_Balance,2050,9,11,15,3.8055
556,HR_Balance,2050,9,16,24,7.095000000000001
557,HR_Balance,2050,10,1,5,4.071
558,HR_Balance,2050,10,6,10,4.071
559,HR_Balance,2050,10,11,15,4.071
560,HR_Balance,2050,10,16,24,4.071
561,HU_Balance,2050,1,1,5,4.6905
562,HU_Balance,2050,1,6,10,4.6905
563,HU_Balance,2050,1,11,15,4.6905
564,HU_Balance,2050,1,16,24,8.745000000000001
565,HU_Balance,2050,2,1,5,0.0
566,HU_Balance,2050,2,6,10,0.0
567,HU_Balance,2050,2,11,15,0.0
568,HU_Balance,2050,2,16,24,0.0
569,HU_Balance,2050,3,1,5,7.395
570,HU_Balance,2050,3,6,10,7.395
571,HU_Balance,2050,3,11,15,7.395
572,HU_Balance,2050,3,16,24,7.395
573,HU_Balance,2050,4,1,5,2.0355
574,HU_Balance,2050,4,6,10,2.0355
575,HU_Balance,2050,4,11,15,2.0355
576,HU_Balance,2050,4,16,24,3.7950000000000004
577,HU_Balance,2050,5,1,5,4.602
578,HU_Balance,2050,5,6,10,4.602
579,HU_Balance,2050,5,11,15,4.602
580,HU_Balance,2050,5,16,24,4.602
581,HU_Balance,2050,6,1,5,0.0
582,HU_Balance,2050,6,6,10,0.0
583,HU_Balance,2050,6,11,15,0.0
584,HU_Balance,2050,6,16,24,1.593
585,HU_Balance,2050,7,1,5,3.2745
586,HU_Balance,2050,7,6,10,3.2745
587,HU_Balance,2050,7,11,15,3.2745
588,HU_Balance,2050,7,16,24,6.105
589,HU_Balance,2050,8,1,5,2.7435
590,HU_Balance,2050,8,6,10,2.7435
591,HU_Balance,2050,8,11,15,2.7435
592,HU_Balance,2050,8,16,24,5.115
593,HU_Balance,2050,9,1,5,3.8055
594,HU_Balance,2050,9,6,10,3.8055
595,HU_Balance,2050,9,11,15,3.8055
596,HU_Balance,2050,9,16,24,7.095000000000001
597,HU_Balance,2050,10,1,5,4.071
598,HU_Balance,2050,10,6,10,7.590000000000001
599,HU_Balance,2050,10,11,15,7.590000000000001
600,HU_Balance,2050,10,16,24,11.729999999999999
601,IE_Balance,2050,1,1,5,0.0
602,IE_Balance,2050,1,6,10,0.0
603,IE_Balance,2050,1,11,15,0.0
604,IE_Balance,2050,1,16,24,0.0
605,IE_Balance,2050,2,1,5,0.0
606,IE_Balance,2050,2,6,10,0.0
607,IE_Balance,2050,2,11,15,8.415
608,IE_Balance,2050,2,16,24,0.0
609,IE_Balance,2050,3,1,5,0.0
610,IE_Balance,2050,3,6,10,0.0
611,IE_Balance,2050,3,11,15,0.0
612,IE_Balance,2050,3,16,24,0.0
613,IE_Balance,2050,4,1,5,0.0
614,IE_Balance,2050,4,6,10,0.0
615,IE_Balance,2050,4,11,15,0.0
616,IE_Balance,2050,4,16,24,0.0
617,IE_Balance,2050,5,1,5,0.0
618,IE_Balance,2050,5,6,10,0.0
619,IE_Balance,2050,5,11,15,0.0
620,IE_Balance,2050,5,16,24,0.0
621,IE_Balance,2050,6,1,5,0.0
622,IE_Balance,2050,6,6,10,0.0
623,IE_Balance,2050,6,11,15,0.0
624,IE_Balance,2050,6,16,24,0.0
625,IE_Balance,2050,7,1,5,0.0
626,IE_Balance,2050,7,6,10,6.105
627,IE_Balance,2050,7,11,15,53.136994233998024
628,IE_Balance,2050,7,16,24,9.434999999999999
629,IE_Balance,2050,8,1,5,0.0
630,IE_Balance,2050,8,6,10,0.0
631,IE_Balance,2050,8,11,15,0.0
632,IE_Balance,2050,8,16,24,0.0
633,IE_Balance,2050,9,1,5,0.0
634,IE_Balance,2050,9,6,10,0.0
635,IE_Balance,2050,9,11,15,7.095000000000001
636,IE_Balance,2050,9,16,24,0.0
637,IE_Balance,2050,10,1,5,0.0
638,IE_Balance,2050,10,6,10,0.0
639,IE_Balance,2050,10,11,15,11.729999999999999
640,IE_Balance,2050,10,16,24,7.590000000000001
641,IT_Balance,2050,1,1,5,4.6905
642,IT_Balance,2050,1,6,10,4.6905
643,IT_Balance,2050,1,11,15,4.6905
644,IT_Balance,2050,1,16,24,13.514999999999999
645,IT_Balance,2050,2,1,5,2.9205
646,IT_Balance,2050,2,6,10,5.445
647,IT_Balance,2050,2,11,15,2.9205
648,IT_Balance,2050,2,16,24,5.445
649,IT_Balance,2050,3,1,5,2.5665
650,IT_Balance,2050,3,6,10,7.395
651,IT_Balance,2050,3,11,15,2.5665
652,IT_Balance,2050,3,16,24,34.206994233998024
653,IT_Balance,2050,4,1,5,2.0355
654,IT_Balance,2050,4,6,10,5.864999999999999
655,IT_Balance,2050,4,11,15,2.0355
656,IT_Balance,2050,4,16,24,5.864999999999999
657,IT_Balance,2050,5,1,5,4.602
658,IT_Balance,2050,5,6,10,8.58
659,IT_Balance,2050,5,11,15,4.602
660,IT_Balance,2050,5,16,24,8.58
661,IT_Balance,2050,6,1,5,1.593
662,IT_Balance,2050,6,6,10,1.593
663,IT_Balance,2050,6,11,15,0.0
664,IT_Balance,2050,6,16,24,1.593
665,IT_Balance,2050,7,1,5,3.2745
666,IT_Balance,2050,7,6,10,3.2745
667,IT_Balance,2050,7,11,15,0.0
668,IT_Balance,2050,7,16,24,3.2745
669,IT_Balance,2050,8,1,5,2.7435000000000005
670,IT_Balance,2050,8,6,10,2.7435
671,IT_Balance,2050,8,11,15,0.0
672,IT_Balance,2050,8,16,24,2.7435
673,IT_Balance,2050,9,1,5,3.8055
674,IT_Balance,2050,9,6,10,3.8055
675,IT_Balance,2050,9,11,15,3.8055
676,IT_Balance,2050,9,16,24,7.095000000000001
677,IT_Balance,2050,10,1,5,4.071
678,IT_Balance,2050,10,6,10,4.071
679,IT_Balance,2050,10,11,15,4.071
680,IT_Balance,2050,10,16,24,7.590000000000001
681,LT_Balance,2050,1,1,5,0.0
682,LT_Balance,2050,1,6,10,13.514999999999999
683,LT_Balance,2050,1,11,15,8.745000000000001
684,LT_Balance,2050,1,16,24,8.745000000000001
685,LT_Balance,2050,2,1,5,0.0
686,LT_Balance,2050,2,6,10,0.0
687,LT_Balance,2050,2,11,15,0.0
688,LT_Balance,2050,2,16,24,0.0
689,LT_Balance,2050,3,1,5,0.0
690,LT_Balance,2050,3,6,10,0.0
691,LT_Balance,2050,3,11,15,0.0
692,LT_Balance,2050,3,16,24,0.0
693,LT_Balance,2050,4,1,5,3.7950000000000004
694,LT_Balance,2050,4,6,10,5.864999999999999
695,LT_Balance,2050,4,11,15,66.51699423399803
696,LT_Balance,2050,4,16,24,66.51699423399803
697,LT_Balance,2050,5,1,5,0.0
698,LT_Balance,2050,5,6,10,0.0
699,LT_Balance,2050,5,11,15,0.0
700,LT_Balance,2050,5,16,24,0.0
701,LT_Balance,2050,6,1,5,0.0
702,LT_Balance,2050,6,6,10,0.0
703,LT_Balance,2050,6,11,15,0.0
704,LT_Balance,2050,6,16,24,0.0
705,LT_Balance,2050,7,1,5,0.0
706,LT_Balance,2050,7,6,10,0.0
707,LT_Balance,2050,7,11,15,0.0
708,LT_Balance,2050,7,16,24,0.0
709,LT_Balance,2050,8,1,5,0.0
710,LT_Balance,2050,8,6,10,0.0
711,LT_Balance,2050,8,11,15,0.0
712,LT_Balance,2050,8,16,24,0.0
713,LT_Balance,2050,9,1,5,0.0
714,LT_Balance,2050,9,6,10,0.0
715,LT_Balance,2050,9,11,15,0.0
716,LT_Balance,2050,9,16,24,0.0
717,LT_Balance,2050,10,1,5,7.590000000000001
718,LT_Balance,2050,10,6,10,7.590000000000001
719,LT_Balance,2050,10,11,15,7.590000000000001
720,LT_Balance,2050,10,16,24,11.729999999999999
721,LU_Balance,2050,1,1,5,0.0
722,LU_Balance,2050,1,6,10,0.0
723,LU_Balance,2050,1,11,15,0.0
724,LU_Balance,2050,1,16,24,0.0
725,LU_Balance,2050,2,1,5,0.0
726,LU_Balance,2050,2,6,10,0.0
727,LU_Balance,2050,2,11,15,0.0
728,LU_Balance,2050,2,16,24,0.0
729,LU_Balance,2050,3,1,5,0.0
730,LU_Balance,2050,3,6,10,0.0
731,LU_Balance,2050,3,11,15,0.0
732,LU_Balance,2050,3,16,24,0.0
733,LU_Balance,2050,4,1,5,0.0
734,LU_Balance,2050,4,6,10,0.0
735,LU_Balance,2050,4,11,15,0.0
736,LU_Balance,2050,4,16,24,0.0
737,LU_Balance,2050,5,1,5,0.0
738,LU_Balance,2050,5,6,10,0.0
739,LU_Balance,2050,5,11,15,0.0
740,LU_Balance,2050,5,16,24,0.0
741,LU_Balance,2050,6,1,5,0.0
742,LU_Balance,2050,6,6,10,0.0
743,LU_Balance,2050,6,11,15,0.0
744,LU_Balance,2050,6,16,24,80.37699423399802
745,LU_Balance,2050,7,1,5,6.105
746,LU_Balance,2050,7,6,10,6.105
747,LU_Balance,2050,7,11,15,6.105
748,LU_Balance,2050,7,16,24,6.105
749,LU_Balance,2050,8,1,5,0.0
750,LU_Balance,2050,8,6,10,0.0
751,LU_Balance,2050,8,11,15,0.0
752,LU_Balance,2050,8,16,24,0.0
753,LU_Balance,2050,9,1,5,0.0
754,LU_Balance,2050,9,6,10,0.0
755,LU_Balance,2050,9,11,15,0.0
756,LU_Balance,2050,9,16,24,0.0
757,LU_Balance,2050,10,1,5,7.590000000000001
758,LU_Balance,2050,10,6,10,7.590000000000001
759,LU_Balance,2050,10,11,15,7.590000000000001
760,LU_Balance,2050,10,16,24,7.590000000000001
761,LV_Balance,2050,1,1,5,8.745000000000001
762,LV_Balance,2050,1,6,10,8.745000000000001
763,LV_Balance,2050,1,11,15,8.745000000000001
764,LV_Balance,2050,1,16,24,8.745000000000001
765,LV_Balance,2050,2,1,5,0.0
766,LV_Balance,2050,2,6,10,0.0
767,LV_Balance,2050,2,11,15,0.0
768,LV_Balance,2050,2,16,24,64.50699423399803
769,LV_Balance,2050,3,1,5,0.0
770,LV_Balance,2050,3,6,10,0.0
771,LV_Balance,2050,3,11,15,0.0
772,LV_Balance,2050,3,16,24,0.0
773,LV_Balance,2050,4,1,5,3.7950000000000004
774,LV_Balance,2050,4,6,10,3.7950000000000004
775,LV_Balance,2050,4,11,15,5.864999999999999
776,LV_Balance,2050,4,16,24,5.864999999999999
777,LV_Balance,2050,5,1,5,0.0
778,LV_Balance,2050,5,6,10,0.0
779,LV_Balance,2050,5,11,15,0.0
780,LV_Balance,2050,5,16,24,0.0
781,LV_Balance,2050,6,1,5,0.0
782,LV_Balance,2050,6,6,10,4.59
783,LV_Balance,2050,6,11,15,2.97
784,LV_Balance,2050,6,16,24,4.59
785,LV_Balance,2050,7,1,5,0.0
786,LV_Balance,2050,7,6,10,0.0
787,LV_Balance,2050,7,11,15,0.0
788,LV_Balance,2050,7,16,24,0.0
789,LV_Balance,2050,8,1,5,0.0
790,LV_Balance,2050,8,6,10,0.0
791,LV_Balance,2050,8,11,15,0.0
792,LV_Balance,2050,8,16,24,0.0
793,LV_Balance,2050,9,1,5,0.0
794,LV_Balance,2050,9,6,10,0.0
795,LV_Balance,2050,9,11,15,0.0
796,LV_Balance,2050,9,16,24,0.0
797,LV_Balance,2050,10,1,5,0.0
798,LV_Balance,2050,10,6,10,7.590000000000001
799,LV_Balance,2050,10,11,15,7.590000000000001
800,LV_Balance,2050,10,16,24,7.590000000000001
801,MT_Balance,2050,1,1,5,8.745000000000001
802,MT_Balance,2050,1,6,10,8.745000000000001
803,MT_Balance,2050,1,11,15,0.0
804,MT_Balance,2050,1,16,24,8.745000000000001
805,MT_Balance,2050,2,1,5,5.445
806,MT_Balance,2050,2,6,10,0.0
807,MT_Balance,2050,2,11,15,0.0
808,MT_Balance,2050,2,16,24,5.445
809,MT_Balance,2050,3,1,5,4.785
810,MT_Balance,2050,3,6,10,4.785
811,MT_Balance,2050,3,11,15,0.0
812,MT_Balance,2050,3,16,24,4.785
813,MT_Balance,2050,4,1,5,3.7950000000000004
814,MT_Balance,2050,4,6,10,3.7950000000000004
815,MT_Balance,2050,4,11,15,0.0
816,MT_Balance,2050,4,16,24,3.7950000000000004
817,MT_Balance,2050,5,1,5,8.58
818,MT_Balance,2050,5,6,10,0.0
819,MT_Balance,2050,5,11,15,0.0
820,MT_Balance,2050,5,16,24,8.58
821,MT_Balance,2050,6,1,5,2.97
822,MT_Balance,2050,6,6,10,0.0
823,MT_Balance,2050,6,11,15,0.0
824,MT_Balance,2050,6,16,24,2.97
825,MT_Balance,2050,7,1,5,6.105
826,MT_Balance,2050,7,6,10,0.0
827,MT_Balance,2050,7,11,15,0.0
828,MT_Balance,2050,7,16,24,6.105
829,MT_Balance,2050,8,1,5,5.115
830,MT_Balance,2050,8,6,10,0.0
831,MT_Balance,2050,8,11,15,0.0
832,MT_Balance,2050,8,16,24,5.115
833,MT_Balance,2050,9,1,5,7.095000000000001
834,MT_Balance,2050,9,6,10,7.095000000000001
835,MT_Balance,2050,9,11,15,0.0
836,MT_Balance,2050,9,16,24,7.095000000000001
837,MT_Balance,2050,10,1,5,7.590000000000001
838,MT_Balance,2050,10,6,10,0.0
839,MT_Balance,2050,10,11,15,0.0
840,MT_Balance,2050,10,16,24,7.590000000000001
841,NL_Balance,2050,1,1,5,4.6905
842,NL_Balance,2050,1,6,10,8.745000000000001
843,NL_Balance,2050,1,11,15,8.745000000000001
844,NL_Balance,2050,1,16,24,4.6905
845,NL_Balance,2050,2,1,5,0.0
846,NL_Balance,2050,2,6,10,2.9205
847,NL_Balance,2050,2,11,15,2.9205
848,NL_Balance,2050,2,16,24,2.9205
849,NL_Balance,2050,3,1,5,0.0
850,NL_Balance,2050,3,6,10,0.0
851,NL_Balance,2050,3,11,15,0.0
852,NL_Balance,2050,3,16,24,0.0
853,NL_Balance,2050,4,1,5,2.0355
854,NL_Balance,2050,4,6,10,2.0355
855,NL_Balance,2050,4,11,15,2.0355
856,NL_Balance,2050,4,16,24,2.0355
857,NL_Balance,2050,5,1,5,0.0
858,NL_Balance,2050,5,6,10,0.0
859,NL_Balance,2050,5,11,15,0.0
860,NL_Balance,2050,5,16,24,0.0
861,NL_Balance,2050,6,1,5,1.593
862,NL_Balance,2050,6,6,10,2.97
863,NL_Balance,2050,6,11,15,1.593
864,NL_Balance,2050,6,16,24,1.593
865,NL_Balance,2050,7,1,5,6.105
866,NL_Balance,2050,7,6,10,9.434999999999999
867,NL_Balance,2050,7,11,15,9.434999999999999
868,NL_Balance,2050,7,16,24,9.434999999999999
869,NL_Balance,2050,8,1,5,0.0
870,NL_Balance,2050,8,6,10,0.0
871,NL_Balance,2050,8,11,15,0.0
872,NL_Balance,2050,8,16,24,0.0
873,NL_Balance,2050,9,1,5,0.0
874,NL_Balance,2050,9,6,10,0.0
875,NL_Balance,2050,9,11,15,0.0
876,NL_Balance,2050,9,16,24,3.8055
877,NL_Balance,2050,10,1,5,7.590000000000001
878,NL_Balance,2050,10,6,10,7.590000000000001
879,NL_Balance,2050,10,11,15,11.729999999999999
880,NL_Balance,2050,10,16,24,7.590000000000001
881,NO_Balance,2050,1,1,5,8.745000000000001
882,NO_Balance,2050,1,6,10,13.514999999999999
883,NO_Balance,2050,1,11,15,8.745000000000001
884,NO_Balance,2050,1,16,24,8.745000000000001
885,NO_Balance,2050,2,1,5,0.0
886,NO_Balance,2050,2,6,10,0.0
887,NO_Balance,2050,2,11,15,0.0
888,NO_Balance,2050,2,16,24,0.0
889,NO_Balance,2050,3,1,5,0.0
890,NO_Balance,2050,3,6,10,0.0
891,NO_Balance,2050,3,11,15,0.0
892,NO_Balance,2050,3,16,24,0.0
893,NO_Balance,2050,4,1,5,0.0
894,NO_Balance,2050,4,6,10,3.7950000000000004
895,NO_Balance,2050,4,11,15,3.7950000000000004
896,NO_Balance,2050,4,16,24,0.0
897,NO_Balance,2050,5,1,5,0.0
898,NO_Balance,2050,5,6,10,0.0
899,NO_Balance,2050,5,11,15,0.0
900,NO_Balance,2050,5,16,24,0.0
901,NO_Balance,2050,6,1,5,0.0
902,NO_Balance,2050,6,6,10,2.97
903,NO_Balance,2050,6,11,15,0.0
904,NO_Balance,2050,6,16,24,0.0
905,NO_Balance,2050,7,1,5,0.0
906,NO_Balance,2050,7,6,10,0.0
907,NO_Balance,2050,7,11,15,0.0
908,NO_Balance,2050,7,16,24,0.0
909,NO_Balance,2050,8,1,5,0.0
910,NO_Balance,2050,8,6,10,0.0
911,NO_Balance,2050,8,11,15,0.0
912,NO_Balance,2050,8,16,24,0.0
913,NO_Balance,2050,9,1,5,0.0
914,NO_Balance,2050,9,6,10,0.0
915,NO_Balance,2050,9,11,15,0.0
916,NO_Balance,2050,9,16,24,0.0
917,NO_Balance,2050,10,1,5,0.0
918,NO_Balance,2050,10,6,10,11.729999999999999
919,NO_Balance,2050,10,11,15,68.84199423399804
920,NO_Balance,2050,10,16,24,7.590000000000001
921,PL_Balance,2050,1,1,5,13.514999999999999
922,PL_Balance,2050,1,6,10,8.745000000000001
923,PL_Balance,2050,1,11,15,8.745000000000001
924,PL_Balance,2050,1,16,24,13.514999999999999
925,PL_Balance,2050,2,1,5,2.9205
926,PL_Balance,2050,2,6,10,0.0
927,PL_Balance,2050,2,11,15,2.9205
928,PL_Balance,2050,2,16,24,2.9205
929,PL_Balance,2050,3,1,5,0.0
930,PL_Balance,2050,3,6,10,0.0
931,PL_Balance,2050,3,11,15,0.0
932,PL_Balance,2050,3,16,24,0.0
933,PL_Balance,2050,4,1,5,5.864999999999999
934,PL_Balance,2050,4,6,10,2.0355
935,PL_Balance,2050,4,11,15,3.7950000000000004
936,PL_Balance,2050,4,16,24,3.7950000000000004
937,PL_Balance,2050,5,1,5,0.0
938,PL_Balance,2050,5,6,10,0.0
939,PL_Balance,2050,5,11,15,0.0
940,PL_Balance,2050,5,16,24,0.0
941,PL_Balance,2050,6,1,5,2.97
942,PL_Balance,2050,6,6,10,1.593
943,PL_Balance,2050,6,11,15,1.593
944,PL_Balance,2050,6,16,24,1.593
945,PL_Balance,2050,7,1,5,3.2745
946,PL_Balance,2050,7,6,10,0.0
947,PL_Balance,2050,7,11,15,3.2745
948,PL_Balance,2050,7,16,24,3.2745
949,PL_Balance,2050,8,1,5,2.7435
950,PL_Balance,2050,8,6,10,2.7435
951,PL_Balance,2050,8,11,15,2.7435
952,PL_Balance,2050,8,16,24,2.7435
953,PL_Balance,2050,9,1,5,3.8055
954,PL_Balance,2050,9,6,10,0.0
955,PL_Balance,2050,9,11,15,0.0
956,PL_Balance,2050,9,16,24,3.8055
957,PL_Balance,2050,10,1,5,7.590000000000001
958,PL_Balance,2050,10,6,10,4.071
959,PL_Balance,2050,10,11,15,7.590000000000001
960,PL_Balance,2050,10,16,24,7.590000000000001
961,PT_Balance,2050,1,1,5,8.745000000000001
962,PT_Balance,2050,1,6,10,13.514999999999999
963,PT_Balance,2050,1,11,15,4.6905
964,PT_Balance,2050,1,16,24,4.6905
965,PT_Balance,2050,2,1,5,2.9205
966,PT_Balance,2050,2,6,10,2.9205
967,PT_Balance,2050,2,11,15,0.0
968,PT_Balance,2050,2,16,24,2.9205
969,PT_Balance,2050,3,1,5,2.5665
970,PT_Balance,2050,3,6,10,4.785
971,PT_Balance,2050,3,11,15,2.5665
972,PT_Balance,2050,3,16,24,7.395
973,PT_Balance,2050,4,1,5,0.0
974,PT_Balance,2050,4,6,10,0.0
975,PT_Balance,2050,4,11,15,0.0
976,PT_Balance,2050,4,16,24,0.0
977,PT_Balance,2050,5,1,5,4.602
978,PT_Balance,2050,5,6,10,8.58
979,PT_Balance,2050,5,11,15,4.602
980,PT_Balance,2050,5,16,24,13.26
981,PT_Balance,2050,6,1,5,0.0
982,PT_Balance,2050,6,6,10,0.0
983,PT_Balance,2050,6,11,15,0.0
984,PT_Balance,2050,6,16,24,0.0
985,PT_Balance,2050,7,1,5,3.2745
986,PT_Balance,2050,7,6,10,3.2745
987,PT_Balance,2050,7,11,15,3.2745
988,PT_Balance,2050,7,16,24,3.2745
989,PT_Balance,2050,8,1,5,2.7435
990,PT_Balance,2050,8,6,10,45.642994233998024
991,PT_Balance,2050,8,11,15,0.0
992,PT_Balance,2050,8,16,24,2.7435
993,PT_Balance,2050,9,1,5,3.8055
994,PT_Balance,2050,9,6,10,7.095000000000001
995,PT_Balance,2050,9,11,15,3.8055
996,PT_Balance,2050,9,16,24,3.8055
997,PT_Balance,2050,10,1,5,0.0
998,PT_Balance,2050,10,6,10,0.0
999,PT_Balance,2050,10,11,15,0.0
1000,PT_Balance,2050,10,16,24,4.071
1001,RO_Balance,2050,1,1,5,4.6905
1002,RO_Balance,2050,1,6,10,4.6905
1003,RO_Balance,2050,1,11,15,4.6905
1004,RO_Balance,2050,1,16,24,8.745000000000001
1005,RO_Balance,2050,2,1,5,0.0
1006,RO_Balance,2050,2,6,10,0.0
1007,RO_Balance,2050,2,11,15,0.0
1008,RO_Balance,2050,2,16,24,0.0
1009,RO_Balance,2050,3,1,5,7.395
1010,RO_Balance,2050,3,6,10,7.395
1011,RO_Balance,2050,3,11,15,7.395
1012,RO_Balance,2050,3,16,24,7.395
1013,RO_Balance,2050,4,1,5,2.0355
1014,RO_Balance,2050,4,6,10,2.0355
1015,RO_Balance,2050,4,11,15,2.0355
1016,RO_Balance,2050,4,16,24,3.7950000000000004
1017,RO_Balance,2050,5,1,5,4.602
1018,RO_Balance,2050,5,6,10,4.602
1019,RO_Balance,2050,5,11,15,4.602
1020,RO_Balance,2050,5,16,24,4.602
1021,RO_Balance,2050,6,1,5,1.593
1022,RO_Balance,2050,6,6,10,0.0
1023,RO_Balance,2050,6,11,15,0.0
1024,RO_Balance,2050,6,16,24,1.593
1025,RO_Balance,2050,7,1,5,3.2745
1026,RO_Balance,2050,7,6,10,3.2745
1027,RO_Balance,2050,7,11,15,3.2745
1028,RO_Balance,2050,7,16,24,6.105
1029,RO_Balance,2050,8,1,5,2.7435
1030,RO_Balance,2050,8,6,10,2.7435
1031,RO_Balance,2050,8,11,15,65.22399423399803
1032,RO_Balance,2050,8,16,24,2.7435
1033,RO_Balance,2050,9,1,5,3.8055
1034,RO_Balance,2050,9,6,10,3.8055
1035,RO_Balance,2050,9,11,15,3.8055
1036,RO_Balance,2050,9,16,24,3.8055
1037,RO_Balance,2050,10,1,5,7.590000000000001
1038,RO_Balance,2050,10,6,10,7.590000000000001
1039,RO_Balance,2050,10,11,15,4.071
1040,RO_Balance,2050,10,16,24,11.729999999999999
1041,SE_Balance,2050,1,1,5,8.745000000000001
1042,SE_Balance,2050,1,6,10,13.514999999999999
1043,SE_Balance,2050,1,11,15,8.745000000000001
1044,SE_Balance,2050,1,16,24,13.514999999999999
1045,SE_Balance,2050,2,1,5,0.0
1046,SE_Balance,2050,2,6,10,2.9205
1047,SE_Balance,2050,2,11,15,0.0
1048,SE_Balance,2050,2,16,24,0.0
1049,SE_Balance,2050,3,1,5,0.0
1050,SE_Balance,2050,3,6,10,0.0
1051,SE_Balance,2050,3,11,15,0.0
1052,SE_Balance,2050,3,16,24,0.0
1053,SE_Balance,2050,4,1,5,2.0355
1054,SE_Balance,2050,4,6,10,3.7950000000000004
1055,SE_Balance,2050,4,11,15,2.0355
1056,SE_Balance,2050,4,16,24,2.0355
1057,SE_Balance,2050,5,1,5,0.0
1058,SE_Balance,2050,5,6,10,0.0
1059,SE_Balance,2050,5,11,15,0.0
1060,SE_Balance,2050,5,16,24,0.0
1061,SE_Balance,2050,6,1,5,1.593
1062,SE_Balance,2050,6,6,10,2.97
1063,SE_Balance,2050,6,11,15,1.593
1064,SE_Balance,2050,6,16,24,2.97
1065,SE_Balance,2050,7,1,5,0.0
1066,SE_Balance,2050,7,6,10,0.0
1067,SE_Balance,2050,7,11,15,0.0
1068,SE_Balance,2050,7,16,24,0.0
1069,SE_Balance,2050,8,1,5,0.0
1070,SE_Balance,2050,8,6,10,2.7435
1071,SE_Balance,2050,8,11,15,0.0
1072,SE_Balance,2050,8,16,24,0.0
1073,SE_Balance,2050,9,1,5,3.8055
1074,SE_Balance,2050,9,6,10,3.8055
1075,SE_Balance,2050,9,11,15,0.0
1076,SE_Balance,2050,9,16,24,0.0
1077,SE_Balance,2050,10,1,5,4.071
1078,SE_Balance,2050,10,6,10,7.590000000000001
1079,SE_Balance,2050,10,11,15,7.590000000000001
1080,SE_Balance,2050,10,16,24,7.590000000000001
1081,SI_Balance,2050,1,1,5,4.6905
1082,SI_Balance,2050,1,6,10,4.6905
1083,SI_Balance,2050,1,11,15,4.6905
1084,SI_Balance,2050,1,16,24,80.55399423399803
1085,SI_Balance,2050,2,1,5,0.0
1086,SI_Balance,2050,2,6,10,2.9205
1087,SI_Balance,2050,2,11,15,0.0
1088,SI_Balance,2050,2,16,24,0.0
1089,SI_Balance,2050,3,1,5,7.395
1090,SI_Balance,2050,3,6,10,7.395
1091,SI_Balance,2050,3,11,15,7.395
1092,SI_Balance,2050,3,16,24,7.3950000000000005
1093,SI_Balance,2050,4,1,5,2.0355
1094,SI_Balance,2050,4,6,10,2.0355
1095,SI_Balance,2050,4,11,15,2.0355
1096,SI_Balance,2050,4,16,24,2.0355
1097,SI_Balance,2050,5,1,5,4.602
1098,SI_Balance,2050,5,6,10,4.602
1099,SI_Balance,2050,5,11,15,4.602
1100,SI_Balance,2050,5,16,24,4.602
1101,SI_Balance,2050,6,1,5,0.0
1102,SI_Balance,2050,6,6,10,1.593
1103,SI_Balance,2050,6,11,15,1.593
1104,SI_Balance,2050,6,16,24,1.593
1105,SI_Balance,2050,7,1,5,3.2745
1106,SI_Balance,2050,7,6,10,3.2745
1107,SI_Balance,2050,7,11,15,3.2745
1108,SI_Balance,2050,7,16,24,3.2745
1109,SI_Balance,2050,8,1,5,2.7435
1110,SI_Balance,2050,8,6,10,2.7435
1111,SI_Balance,2050,8,11,15,2.7435
1112,SI_Balance,2050,8,16,24,2.7435
1113,SI_Balance,2050,9,1,5,3.8055
1114,SI_Balance,2050,9,6,10,3.8055
1115,SI_Balance,2050,9,11,15,3.8055
1116,SI_Balance,2050,9,16,24,3.8055
1117,SI_Balance,2050,10,1,5,4.071
1118,SI_Balance,2050,10,6,10,4.071
1119,SI_Balance,2050,10,11,15,4.071
1120,SI_Balance,2050,10,16,24,4.071
1121,SK_Balance,2050,1,1,5,13.514999999999999
1122,SK_Balance,2050,1,6,10,13.514999999999999
1123,SK_Balance,2050,1,11,15,0.0
1124,SK_Balance,2050,1,16,24,13.514999999999999
1125,SK_Balance,2050,2,1,5,0.0
1126,SK_Balance,2050,2,6,10,0.0
1127,SK_Balance,2050,2,11,15,0.0
1128,SK_Balance,2050,2,16,24,0.0
1129,SK_Balance,2050,3,1,5,7.395
1130,SK_Balance,2050,3,6,10,7.395
1131,SK_Balance,2050,3,11,15,74.25699423399803
1132,SK_Balance,2050,3,16,24,7.395
1133,SK_Balance,2050,4,1,5,0.0
1134,SK_Balance,2050,4,6,10,0.0
1135,SK_Balance,2050,4,11,15,0.0
1136,SK_Balance,2050,4,16,24,0.0
1137,SK_Balance,2050,5,1,5,0.0
1138,SK_Balance,2050,5,6,10,0.0
1139,SK_Balance,2050,5,11,15,0.0
1140,SK_Balance,2050,5,16,24,0.0
1141,SK_Balance,2050,6,1,5,0.0
1142,SK_Balance,2050,6,6,10,0.0
1143,SK_Balance,2050,6,11,15,0.0
1144,SK_Balance,2050,6,16,24,0.0
1145,SK_Balance,2050,7,1,5,0.0
1146,SK_Balance,2050,7,6,10,0.0
1147,SK_Balance,2050,7,11,15,0.0
1148,SK_Balance,2050,7,16,24,0.0
1149,SK_Balance,2050,8,1,5,0.0
1150,SK_Balance,2050,8,6,10,0.0
1151,SK_Balance,2050,8,11,15,0.0
1152,SK_Balance,2050,8,16,24,0.0
1153,SK_Balance,2050,9,1,5,0.0
1154,SK_Balance,2050,9,6,10,0.0
1155,SK_Balance,2050,9,11,15,0.0
1156,SK_Balance,2050,9,16,24,0.0
1157,SK_Balance,2050,10,1,5,11.729999999999999
1158,SK_Balance,2050,10,6,10,11.729999999999999
1159,SK_Balance,2050,10,11,15,11.729999999999999
1160,SK_Balance,2050,10,16,24,0.0
1161,UK_Balance,2050,1,1,5,0.0
1162,UK_Balance,2050,1,6,10,8.745000000000001
1163,UK_Balance,2050,1,11,15,8.745000000000001
1164,UK_Balance,2050,1,16,24,0.0
1165,UK_Balance,2050,2,1,5,0.0
1166,UK_Balance,2050,2,6,10,5.445
1167,UK_Balance,2050,2,11,15,5.445
1168,UK_Balance,2050,2,16,24,5.445
1169,UK_Balance,2050,3,1,5,0.0
1170,UK_Balance,2050,3,6,10,0.0
1171,UK_Balance,2050,3,11,15,0.0
1172,UK_Balance,2050,3,16,24,0.0
1173,UK_Balance,2050,4,1,5,0.0
1174,UK_Balance,2050,4,6,10,0.0
1175,UK_Balance,2050,4,11,15,0.0
1176,UK_Balance,2050,4,16,24,0.0
1177,UK_Balance,2050,5,1,5,0.0
1178,UK_Balance,2050,5,6,10,0.0
1179,UK_Balance,2050,5,11,15,0.0
1180,UK_Balance,2050,5,16,24,0.0
1181,UK_Balance,2050,6,1,5,0.0
1182,UK_Balance,2050,6,6,10,0.0
1183,UK_Balance,2050,6,11,15,0.0
1184,UK_Balance,2050,6,16,24,0.0
1185,UK_Balance,2050,7,1,5,0.0
1186,UK_Balance,2050,7,6,10,6.105
1187,UK_Balance,2050,7,11,15,54.45699423399802
1188,UK_Balance,2050,7,16,24,9.434999999999999
1189,UK_Balance,2050,8,1,5,0.0
1190,UK_Balance,2050,8,6,10,0.0
1191,UK_Balance,2050,8,11,15,0.0
1192,UK_Balance,2050,8,16,24,0.0
1193,UK_Balance,2050,9,1,5,0.0
1194,UK_Balance,2050,9,6,10,0.0
1195,UK_Balance,2050,9,11,15,0.0
1196,UK_Balance,2050,9,16,24,0.0
1197,UK_Balance,2050,10,1,5,0.0
1198,UK_Balance,2050,10,6,10,7.590000000000001
1199,UK_Balance,2050,10,11,15,11.729999999999999
1200,UK_Balance,2050,10,16,24,11.729999999999999
